inter_id,user_id,item_id,timestamp,rating,emo_pre_valence,emo_pre_arousal,emo_post_valence,emo_post_arousal,duration,rec_type
1,1,529,1625103746,1,0.35,-0.4575,-0.2740638286973004,0.14983863531581376,,
2,1,707,1625121151,3,0.4775,-0.3725,0.12294452128477025,0.6364940320680293,,
3,1,491,1625126852,3,0.4775,-0.0825,0.3227293683725219,0.3521848265969981,,
4,1,401,1625132694,4,0.3225,0.49,0.4892167409456483,-0.2266789611187952,,
5,1,114,1625135931,2,-0.4025,-0.355,-0.11013780031760667,-0.08068234209313048,,
6,1,126,1625137923,3,0.335,-0.2625,0.03842016290149071,0.380359612724758,,
7,1,516,1625152192,4,0.555,-0.0175,0.4098150709492342,-0.21131089595819888,,
8,1,995,1625193393,4,0.04,-0.55,0.3329747451462528,-0.3060806311152093,,
9,1,588,1625196711,2,0.4675,-0.1175,0.017929409354028997,0.326571384662671,,
10,1,461,1625201703,4,0.155,-0.5025,0.3560268428871472,0.014087393063879926,,
11,1,627,1625204976,4,-0.0775,0.5375,-0.015368065160596285,0.3419394498232673,,
12,1,597,1625210462,4,-0.0275,0.4675,0.08964704677014497,0.5698990830387788,,
13,1,100,1625216038,5,0.0575,0.455,0.5660570667486298,0.18825879821730448,,
14,1,156,1625219804,4,0.405,-0.0825,0.17929409354028994,0.4034117104656525,,
15,1,156,1625219804,4,-0.6825,-0.755,0.17929409354028994,0.4034117104656525,,
16,1,634,1625229395,4,0.205,-0.25,-0.3816402848214743,-0.3547461707904309,,
17,1,994,1625238461,3,0.4225,-0.3025,0.12038317709133756,0.4597612827211721,,
18,1,289,1625284945,5,0.1675,-0.425,0.5122688386865427,-0.14471594692894832,,
19,1,19,1625298043,4,-0.0375,0.345,0.4174991035295323,0.4776906920752011,,
20,1,848,1625382750,4,0.3475,-0.29,0.5045848061062446,0.034578146611341634,,
21,1,776,1625397097,2,0.2675,-0.455,0.04354285128835613,0.4725680036883357,,
22,1,89,1625400202,3,0.435,-0.0025,0.017929409354028997,0.4367091849802777,,
23,1,327,1625450498,3,-0.0625,0.3975,-0.08196301418984682,0.29583525434147845,,
24,1,784,1625469770,2,0.5475,-0.08,-0.12038317709133756,0.4648839711080375,,
25,1,171,1625480786,3,0.0425,0.705,0.1485579632190974,-0.25997643563342043,,
26,1,397,1625484247,3,0.24,-0.02,0.09989242354387584,0.3701142359510272,,
27,1,367,1625494470,2,0.04,0.3075,0.012806720967163569,-0.01664873725731264,,
28,1,493,1625541390,2,0.0,0.0,-0.545566313201168,-0.07812099789969777,,
29,1,955,1625548618,3,0.0975,0.38,-0.0025613441934327127,0.2855898775677476,,
30,1,955,1625548618,3,-0.5225,0.5625,-0.0025613441934327127,0.2855898775677476,,
31,1,23,1625552484,4,0.0925,-0.09,0.26125710773013683,0.14727729112238105,,
32,1,153,1625556948,4,0.04,-0.295,0.3560268428871472,0.3060806311152093,,
33,1,228,1625564492,4,0.01,0.515,0.2740638286973004,0.4904974130423647,,
34,1,144,1625568018,4,0.2325,0.115,0.4174991035295323,-0.24460837047282416,,
35,1,285,1625579311,4,0.38,0.025,0.45591926643102293,-0.2625377798268532,,
36,1,742,1625584501,5,0.4,-0.2525,0.35858818708057993,-0.43158649659341225,,
37,1,13,1625636346,2,0.285,-0.2625,0.14343527483223198,0.362430203370729,,
38,2,132,1625104007,5,-0.3,-0.065,0.3765175964346089,0.07555965370626505,,
39,2,843,1625118524,3,0.1675,-0.3075,0.3457814661134164,-0.011526048870447213,256.0,WD
40,2,17,1625128153,4,0.39,0.0875,0.0,0.0,,
41,2,576,1625138189,3,0.01,-0.3675,0.2586957635367041,-0.12678653757491934,69.0,GCN
42,2,517,1625149247,4,-0.045,0.6825,0.1690487167665591,0.7030889810972799,167.0,GCN
43,2,524,1625155160,5,0.2375,0.5875,0.0,0.0,,
44,2,513,1625208762,3,-0.32,-0.61,0.04866553967522156,0.2138722401516316,,
45,2,936,1625214109,4,0.0475,0.28,0.42262179191639776,-0.11654116080118848,461.0,GCN
46,2,936,1625214109,4,-0.2425,0.675,0.42262179191639776,-0.11654116080118848,461.0,GCN
47,2,588,1625235353,3,0.56,0.1575,0.9272065980226424,0.1191025049946212,,
48,2,461,1625236161,3,-0.1525,-0.3375,0.015368065160596285,0.5442856411044517,,
49,2,627,1625242246,4,0.305,-0.3,0.6966856206136981,-0.4264638082065468,,
50,2,977,1625284780,4,0.0,0.0,0.3278520567593873,-0.1191025049946212,,
51,2,341,1625290322,5,-0.3225,0.115,0.545566313201168,0.12166384918805392,,
52,2,740,1625311291,5,0.605,0.4975,0.9092771886686134,0.5673377388453461,,
53,2,754,1625376336,5,0.8,0.2775,0.8119461093181702,0.5929511807796732,,
54,2,742,1625387023,5,-0.775,-0.3975,0.2689411403104349,-0.2138722401516316,,
55,2,364,1625401062,4,-0.2075,0.345,0.2715024845038677,-0.31888735208237284,1002.0,Rand
56,2,562,1625408161,3,0.5825,0.395,-0.13318989805850112,0.7850519952871268,,
57,2,924,1625452765,5,0.64,0.6075,-0.9041545002817479,0.06019158854566878,,
58,2,555,1625473547,5,-0.715,-0.2025,0.17673274934685726,-0.9669074330208496,,
59,2,19,1625484774,3,-0.2175,-0.4475,0.25101173095640594,-0.43158649659341225,,
60,2,42,1625500628,3,0.7525,-0.365,-0.4046923825623688,-0.4059730546590851,,
61,2,367,1625572312,3,0.5325,0.275,0.6736335228728038,-0.3931663336919216,,
62,2,548,1625580637,4,0.935,0.3675,0.8145074535116029,0.631371343681164,,
63,3,529,1625444746,3,0.295,0.465,0.5301982480405717,0.4239024640131141,,
64,3,917,1625481902,3,0.9675,0.03,0.9220839096357768,-0.011526048870447213,,
65,3,517,1625491143,2,0.5675,-0.5425,0.2971159264381948,-0.470006659494903,,
66,3,524,1625495151,2,0.3075,-0.4725,0.19978484708775168,-0.43158649659341225,,
67,3,491,1625531232,2,-0.1375,-0.385,-0.07940166999641413,-0.4392705291737104,,
68,3,421,1625571644,2,0.5775,0.445,0.2049075354746171,-0.5468469852978843,,
69,3,126,1625585834,3,0.5600000023841858,-0.5199999809265137,0.5250755596537063,0.5263562317504227,,
70,3,898,1625616866,2,0.5274999737739563,0.550000011920929,-0.4303058244966959,0.7645612417396651,,
71,3,453,1625634237,3,-0.1525000035762787,-0.7850000262260437,0.035858818708057995,-0.9079965165718972,,
72,3,627,1625635884,2,0.054999999701976776,-0.9300000071525574,-0.015368065160596285,-0.961784744633984,,
73,3,395,1625653605,2,0.054999999701976776,-0.9300000071525574,0.32529071256595465,0.4597612827211721,,
74,3,740,1625674201,1,-0.4764100199784848,-0.4751293478817684,-0.7863326673838431,0.3701142359510272,,
75,3,761,1625703320,3,-0.4774999916553497,-0.4749999940395355,-0.0947697351570104,-0.6723528507760873,,
76,3,720,1625722369,4,-0.20499999821186066,-0.8374999761581421,-0.07684032580298142,0.16008401208954462,,
77,3,364,1625747941,3,-0.20499999821186066,-0.8374999761581421,0.6224066390041495,-0.5263562317504227,,
78,3,442,1625760300,2,0.5550000071525574,-0.4900000095367432,0.03073613032119257,-0.6441780646483275,,
79,3,562,1625791146,2,-0.20000000298023224,-0.5724999904632568,-0.3047999590184929,-0.7799293069002613,,
80,3,555,1625826627,3,0.5506890015880335,0.5007427898160955,0.4636032990113212,0.5135495107832591,,
81,3,19,1625891672,4,0.4824999868869782,-0.5274999737739563,0.8247528302853339,0.008964704677014499,,
82,3,327,1625917932,3,0.5724999904632568,-0.29750001430511475,0.4636032990113212,-0.4034117104656525,,
83,3,319,1625931377,3,0.5950000286102295,-0.5350000262260437,0.286870549664464,-0.37267558014445984,,
84,4,707,1626181066,3,0.3765,-0.40975,0.2638184519235695,-0.0742789816095487,,Rand
85,4,843,1626188245,3,0.30475,-0.2075,0.3816402848214743,-0.23308232160237696,,WD
86,4,401,1626227318,4,0.34325,-0.03325,0.2715024845038677,0.2766251728907331,,GCN
87,4,17,1626237022,3,0.35100000000000003,0.4175,0.28943189385789664,0.2996772706316275,,Rand
88,4,126,1626240499,3,0.1485,-0.2715,0.32529071256595465,-0.07684032580298142,,GCN
89,4,917,1626253597,2,0.35600000000000004,-0.08975,0.2407663541826751,-0.16136468418626096,,WD
90,4,576,1626257062,2,0.34575,0.297,0.4046923825623688,-0.04866553967522156,,GCN
91,4,863,1626270247,3,0.3945,-0.28675,0.42262179191639776,0.015368065160596285,,Rand
92,4,427,1626275106,2,0.4175,0.13825,0.3790789406280417,-0.4507965780441576,,WD
93,4,517,1626355436,4,0.4635,-0.09225,0.2407663541826751,0.2817478612775985,,GCN
94,4,524,1626400331,4,-0.1205,-0.2945,0.10757645612417398,0.13575124225193386,,Rand
95,4,3,1626426610,2,0.443,0.3765,0.3893243174017725,0.17161006095999182,157.0,Rand
96,4,936,1626441931,3,-0.30725,-0.246,-0.2791865170841658,-0.26637979611700224,208.0,GCN
97,4,421,1626493065,2,0.4355,-0.32775,0.2971159264381948,-0.2689411403104349,170.0,WD
98,4,875,1626501904,4,0.30725,-0.23575,-0.24332769837610785,-0.25101173095640594,223.0,GCN
99,4,364,1626516349,3,0.47375,0.34075,0.34322012191998363,0.23052097740894426,163.0,Rand
100,4,513,1626527120,2,0.333,-0.1485,0.3662722196608781,-0.21771425644178066,144.0,GCN
101,4,872,1626576224,3,-0.25625,-0.2125,-0.1459966190256647,-0.08196301418984682,246.0,WD
102,4,820,1626579315,1,-0.13825,0.28175,-0.2766251728907331,-0.14087393063879924,160.0,Rand
103,4,873,1626589223,2,0.3305,0.11525,-0.051226883868654274,0.1921008145074536,188.0,Rand
104,4,588,1626599234,2,0.297,0.2945,0.30992264740535835,-0.04098150709492342,186.0,WD
105,4,100,1626613673,3,0.25875,0.30225,0.3227293683725219,0.17161006095999182,142.0,GCN
106,5,923,1626149110,3,0.0,0.0,0.45591926643102293,-0.4840940525587829,,GCN
107,5,529,1626247705,3,0.49425,-0.46875,0.4866553967522157,0.4405512012704267,,WD
108,5,707,1626261505,4,0.5122688386865427,0.5609343783617643,0.7837713231904104,0.025613441934327137,,WD
109,5,576,1626269221,3,0.1025,-0.71975,0.4840940525587829,-0.25613441934327136,,GCN
110,5,843,1626275153,3,0.748,0.15375,0.742789816095487,-0.14087393063879924,,Rand
111,5,17,1626322488,3,0.5225,-0.44575,0.760719225449516,-0.09989242354387584,,Rand
112,5,917,1626334313,2,0.2255,-0.67375,0.17161006095999182,-0.6070385738435532,,WD
113,5,401,1626339969,3,-0.50975,-0.4815,-0.12294452128477025,-0.40213103836893604,,GCN
114,5,863,1626347515,3,0.38925,-0.45075,0.5891091644895242,-0.1664873725731264,,Rand
115,5,427,1626361366,3,-0.55075,0.38425,0.2356436657958097,0.10757645612417398,,WD
116,5,826,1626402784,4,0.2895,-0.68125,0.7581578812560833,-0.10757645612417398,,WD
117,5,491,1626420161,4,0.29975,-0.57125,0.4507965780441576,-0.3534654986937145,158.0,GCN
118,5,114,1626442506,3,-0.4866553967522157,0.4712873315916194,0.04610419548178885,0.4431125454638595,227.0,WD
119,5,720,1626526946,4,0.67375,-0.1485,0.4789713641719175,-0.39956969417550336,104.0,Rand
120,5,872,1626592678,2,0.4175,-0.3715,0.4200604477229651,-0.4277444803032632,122.0,Rand
121,5,513,1626601221,4,0.315,-0.5685,0.4379898570769941,-0.4277444803032632,90.0,GCN
122,5,588,1626613426,4,0.43025,-0.4765,0.4046923825623688,-0.4892167409456483,145.0,WD
123,5,100,1626665745,3,0.246,-0.6455,0.6326520157778803,-0.2791865170841658,283.0,GCN
124,5,740,1626681895,4,0.65325,-0.17675,0.6941242764202654,-0.19978484708775168,167.0,WD
125,5,156,1626694120,3,0.83,0.0845,0.706930997387429,-0.23052097740894426,251.0,GCN
126,5,597,1626699912,3,0.38175,-0.53525,0.45591926643102293,-0.5481276573946008,172.0,Rand
127,5,820,1626753980,2,0.7555965370626505,0.2074688796680498,0.2945545822447621,-0.4277444803032632,109.0,GCN
128,5,174,1626754596,4,0.7018083090005636,0.18441678192715533,0.5225142154602737,-0.4482352338507249,274.0,WD
129,6,923,1626152138,4,0.7299830951283234,0.2804671891808821,0.0,0.0,,GCN
130,6,132,1626154433,5,0.5045,0.27525,0.5276369038471389,0.4904974130423647,,Rand
131,6,529,1626162261,3,0.51475,-0.23175,0.545566313201168,0.236924337892526,,Rand
132,6,491,1626165779,5,0.51475,0.50075,0.724860406741458,0.4956201014292301,,GCN
133,6,843,1626167079,4,0.49175,0.23175,0.7197377183545925,0.24204702627939145,,WD
134,6,707,1626179259,4,0.7197377183545925,0.24460837047282416,0.7120536857742944,0.5186721991701245,,Rand
135,6,917,1626185354,3,0.4995,0.319,0.7351057835151888,0.236924337892526,,WD
136,6,17,1626192089,4,0.53525,-0.44175,0.7786486348035451,-0.4751293478817684,,Rand
137,6,427,1626227556,4,0.53525,0.24725,0.5378822806208698,0.4136570872393833,,WD
138,6,863,1626235817,5,0.502,0.319,0.724860406741458,0.4956201014292301,,Rand
139,6,576,1626242047,4,0.47375,-0.196,0.7197377183545925,0.2625377798268532,,GCN
140,6,826,1626247569,4,0.53275,-0.18825,0.5225142154602737,-0.0832436862865632,,WD
141,6,401,1626274889,4,0.525,0.23175,0.742789816095487,0.2779058449874495,,GCN
142,6,114,1626336066,3,0.5379999999999999,-0.22925,0.5071461502996774,-0.07555965370626505,,WD
143,6,126,1626339631,3,0.479,0.27025,0.5122688386865427,0.2830285333743149,,GCN
144,6,524,1626348661,5,0.44575,0.22925,0.5020234619128119,0.2779058449874495,,WD
145,6,120,1626444892,4,0.5455,0.28825,0.4840940525587829,0.3573075149838636,163.0,Rand
146,6,421,1626500027,3,0.53025,-0.30875,0.4610419548178885,0.3854823011116234,171.0,WD
147,6,875,1626520650,4,0.5045,-0.20625,0.5071461502996774,0.3521848265969981,392.0,GCN
148,6,364,1626574802,4,0.45325,0.29075,0.5020234619128119,0.4008503662722197,377.0,Rand
149,6,872,1626575922,3,0.51475,0.33175,0.5097074944931099,0.34450079401670003,270.0,WD
150,6,3,1626579596,3,0.525,0.278,0.5276369038471389,0.272783156600584,112.0,Rand
151,6,517,1626596245,3,0.3175,0.38025,0.5225142154602737,0.2343629936990933,159.0,GCN
152,6,588,1626620548,3,0.46625,0.278,0.5097074944931099,0.2881512217611803,114.0,WD
153,6,395,1626660874,4,0.5405,0.3265,0.5020234619128119,0.3829209569181907,127.0,Rand
154,6,513,1626672195,4,0.49425,-0.24725,0.5199528712668409,0.13190922596178475,176.0,GCN
155,6,315,1626682968,3,0.479,0.2855,0.5276369038471389,0.272783156600584,152.0,WD
156,6,987,1626710840,3,0.46875,-0.10875,0.5148301828799755,0.10885712822089033,141.0,GCN
157,6,720,1626745579,4,0.51475,0.37,0.4969007735259465,0.40853439885251785,294.0,Rand
158,7,923,1626312206,1,-0.589,-0.155,-0.635213359971313,-0.12934788176835205,,GCN
159,7,132,1626316833,4,0.5405,0.073,0.5583730341683316,0.06019158854566878,,Rand
160,7,529,1626321042,3,0.274,0.43675,0.26125710773013683,0.4443932175605758,,WD
161,7,707,1626322842,3,-0.08975,0.5085,-0.14343527483223198,0.5366016085241535,,Rand
162,7,576,1626330981,3,-0.3611495312740126,0.3521848265969981,-0.1459966190256647,0.1780134214435736,,GCN
163,7,17,1626333589,2,0.19975,-0.28825,0.2228369448286461,-0.30095794272834386,,Rand
164,7,843,1626341281,2,-0.25875,-0.18575,-0.21771425644178066,-0.2497310588596896,,Rand
165,7,863,1626347303,5,0.57625,0.5955,0.6377747041647457,0.5929511807796732,,Rand
166,7,401,1626354185,3,0.38925,0.31375,0.5353209364274372,0.2932739101480457,,GCN
167,7,917,1626361298,4,0.17425,-0.52625,0.21771425644178066,-0.5340402643307208,,WD
168,7,936,1626399731,2,-0.25875,-0.16275,-0.18441678192715533,-0.2676604682137186,,GCN
169,7,427,1626406815,3,-0.17673274934685726,0.4418318733671432,-0.2228369448286461,0.5007427898160955,,WD
170,7,114,1626419940,2,0.374,-0.22925,0.3022386148250602,-0.3598688591772963,60.0,WD
171,7,524,1626427185,3,0.63775,0.2625,0.4789713641719175,0.18569745402387167,114.0,Rand
172,7,875,1626433948,4,0.46875,-0.2395,0.4200604477229651,-0.4059730546590851,91.0,GCN
173,7,3,1626440554,4,-0.17675,0.50075,-0.19722350289431886,0.541724296911019,140.0,Rand
174,7,720,1626448244,4,-0.1,0.424,-0.17417140515342452,0.4648839711080375,99.0,Rand
175,7,820,1626486832,4,-0.151,0.4495,-0.2049075354746171,0.4776906920752011,117.0,GCN
176,7,120,1626492975,5,-0.09475,0.26775,-0.16392602837969367,0.2497310588596896,137.0,Rand
177,7,872,1626515683,3,0.47125,-0.196,0.4200604477229651,-0.3214486962758056,94.0,WD
178,7,597,1626526962,3,0.52775,-0.224,0.4687259873981866,-0.21899492853849706,100.0,Rand
179,7,588,1626532375,4,-0.4072537267558015,-0.15752266789611188,0.0,0.0,85.0,WD
180,7,513,1626533961,3,0.40225,0.10375,0.4405512012704267,0.1037344398340249,123.0,GCN
181,7,468,1626572362,3,0.5045,0.1165,0.5045848061062446,0.15496132370267918,147.0,Rand
182,7,898,1626579766,2,0.34075,-0.26,0.32529071256595465,-0.1780134214435736,703.0,GCN
183,7,874,1626606694,3,0.32275,-0.4035,0.4379898570769941,-0.3470621382101327,71.0,GCN
184,7,689,1626617927,2,0.42,-0.342,0.40213103836893604,-0.3906049894984889,65.0,WD
185,7,613,1626665580,2,0.32275,-0.383,0.34322012191998363,-0.20106551918446802,101.0,WD
186,8,923,1626339148,3,0.5045,-0.43275,0.4789713641719175,-0.4354285128835613,,GCN
187,8,132,1626347106,3,0.15625,-0.6505,0.3380974335331182,-0.5506890015880335,,Rand
188,8,529,1626396240,2,0.7991393883510067,0.286870549664464,0.7094923415808617,-0.1511193074125301,,WD
189,8,707,1626398130,4,0.38175,-0.16125,0.2407663541826751,0.30992264740535835,,Rand
190,8,126,1626399914,3,-0.08975,0.21775,0.28943189385789664,0.09733107935044312,,GCN
191,8,17,1626409265,3,0.49425,0.16899999999999998,0.4815327083653502,-0.18697812612058806,,Rand
192,8,843,1626419580,2,0.32775,-0.4995,0.15624199579939554,0.3124839915987911,86.0,WD
193,8,491,1626435960,3,-0.11525,-0.59675,0.03842016290149071,-0.5532503457814661,164.0,GCN
194,8,364,1626444253,3,-0.44825,-0.73775,0.010245376773730854,-0.4354285128835613,155.0,Rand
195,8,917,1626496549,2,0.45325,-0.4125,0.06659494902925056,-0.6813175554531019,177.0,WD
196,8,936,1626502067,5,-0.8119461093181702,0.5711797551354951,0.2049075354746171,0.2049075354746171,157.0,GCN
197,8,427,1626571718,3,0.19725,-0.6275,0.11013780031760667,-0.6454587367450438,212.0,WD
198,8,114,1626584666,3,0.4995,-0.25625,0.4994621177193792,-0.3355360893396855,134.0,WD
199,8,995,1626591827,2,0.3765175964346089,0.5250755596537063,0.3662722196608781,0.3329747451462528,158.0,Rand
200,8,293,1626660456,2,0.19475,-0.5175,0.04354285128835613,-0.4277444803032632,591.0,WD
201,8,875,1626668039,3,0.4765,-0.68125,0.286870549664464,-0.7197377183545925,165.0,GCN
202,8,5,1626694392,3,-0.57375,0.25625,-0.11526048870447213,-0.5301982480405717,282.0,Rand
203,8,720,1626778948,3,0.76075,-0.187,0.4456738896572922,-0.3970083499820706,350.0,Rand
204,8,517,1626779599,3,0.274,-0.69675,0.15368065160596284,-0.4379898570769941,153.0,GCN
205,8,3,1626788038,1,-0.34075,0.29975,-0.23052097740894426,0.5737410993289279,246.0,Rand
206,9,427,1626504925,1,0.584,0.2255,-0.0563495722555197,0.16392602837969367,242.0,Rand
207,9,401,1626524323,5,0.79925,0.42525,0.724860406741458,0.1485579632190974,203.0,GCN
208,9,114,1626532030,2,0.3945,0.1075,0.19722350289431886,-0.31504533579222377,149.0,WD
209,9,946,1626572022,2,0.30475,-0.379,0.07940166999641413,-0.3944470057886379,128.0,Rand
210,9,126,1626591594,4,-0.06925,0.40975,0.2382050099892424,0.07171763741611599,204.0,GCN
211,9,3,1626599956,4,-0.09725,0.338,0.28943189385789664,0.1690487167665591,227.0,Rand
212,9,936,1626623641,2,0.502,0.38675,0.06915629322268327,-0.09220839096357768,199.0,GCN
213,9,17,1626659429,4,0.48675,-0.4125,0.4840940525587829,0.18697812612058806,322.0,Rand
214,9,421,1626667955,3,0.53025,-0.43275,0.5763024435223606,-0.4149377593360996,195.0,WD
215,9,875,1626676781,3,0.34325,0.0435,0.1921008145074536,-0.19978484708775168,215.0,GCN
216,9,793,1626687748,3,0.3535,-0.251,0.4661646432047539,-0.07171763741611599,476.0,Rand
217,9,517,1626701823,3,-0.25875,0.3535,0.3713949080477435,-0.15368065160596284,160.0,GCN
218,9,872,1626710391,4,-0.128,-0.65825,0.5558116899748989,-0.12806720967163568,174.0,WD
219,9,174,1626773071,3,0.5045,-0.26375,0.5173915270734082,-0.1921008145074536,201.0,WD
220,9,820,1626788044,2,0.5685,0.4355,0.5327595922340045,0.0947697351570104,140.0,GCN
221,9,928,1626830095,3,0.315,-0.26125,0.3047999590184929,-0.21259156805491525,286.0,WD
222,9,720,1626838448,3,0.0205,-0.71725,0.08196301418984682,-0.4149377593360996,283.0,Rand
223,9,588,1626845981,1,0.228,-0.5379999999999999,-0.1895394703140208,-0.25613441934327136,169.0,WD
224,9,100,1626858118,5,-0.443,-0.2665,0.0,-0.08964704677014497,184.0,GCN
225,9,676,1626879910,5,0.59175,0.023,0.5148301828799755,0.4584806106244558,259.0,Rand
226,9,716,1626923588,3,-0.07675,0.2305,-0.0742789816095487,0.6813175554531019,192.0,WD
227,10,597,1626497806,4,0.53875,0.054000000000000006,0.5927682276229994,0.3881220538007735,207.0,Rand
228,10,529,1626500058,4,-0.7386080296572295,0.7103809711989915,0.08703343024623404,0.2399299968950236,212.0,WD
229,10,923,1626510736,5,0.99975,-0.2375,0.7974144014452255,0.2752138199678212,131.0,GCN
230,10,826,1626517015,4,0.55975,-0.54325,0.7950621465737057,0.011761274357599195,225.0,Rand
231,10,576,1626525640,3,-0.21875,0.193,-0.05880637178799598,-0.030579313329757912,162.0,GCN
232,10,843,1626531466,3,0.55525,-0.53625,0.5151438168628447,-0.21875970305134504,259.0,WD
233,10,917,1626578205,3,0.68925,-0.30575,0.45398519020332895,-0.2705093102247815,108.0,WD
234,10,517,1626579251,5,-0.7340000000000001,0.43525,0.14819205690574985,-0.01881803897215872,179.0,GCN
235,10,427,1626586512,3,0.48925,-0.381,0.5104393071198051,-0.016465784100638873,132.0,WD
236,10,132,1626594889,4,-0.033,-0.45175,0.745664794271789,0.05880637178799598,122.0,Rand
237,10,114,1626597244,4,0.50575,0.5105,0.8962091060490587,0.4892690132761266,286.0,WD
238,10,873,1626599818,2,0.607,-0.428,0.4986780327622059,0.18818038972158715,117.0,Rand
239,10,126,1626621636,4,0.97375,-0.40925,0.8609252829762611,0.02822705845823807,534.0,GCN
240,10,863,1626658471,4,0.55525,-0.57625,0.7856531270876262,0.06115862665951584,247.0,Rand
241,10,513,1626672013,4,0.49875,-0.48225,0.6986196968413922,-0.07291990101711501,167.0,GCN
242,10,987,1626689022,5,0.5175,-0.5245,0.7197899906850708,-0.05174960717343646,124.0,GCN
243,10,707,1626705075,5,0.7785,0.63275,0.9197316547642572,0.7080287163274716,172.0,Rand
244,10,174,1626752033,3,0.37625,-0.76925,0.4939735230191662,-0.6703926383831541,162.0,WD
245,10,156,1626765349,4,0.61625,0.014,0.5339618558350034,0.2281687225374244,118.0,GCN
246,10,928,1626772064,4,0.7785,-0.4915,0.8209369501604239,-0.17406686049246808,193.0,WD
247,10,720,1626779790,2,0.8985,0.08475,0.4563374450748488,-0.18818038972158715,341.0,Rand
248,10,936,1626792595,4,0.494,-0.57625,0.5951204824945193,0.07291990101711501,273.0,GCN
249,10,676,1626795798,5,0.72675,0.0495,0.8209369501604239,0.4398716609742099,268.0,Rand
250,10,588,1626837603,3,0.6845,0.581,0.5080870522482852,-0.5033825425052456,185.0,WD
251,10,946,1626846004,1,0.868,0.0895,0.2846228394539005,-0.3175544076551783,125.0,Rand
252,10,100,1626857207,5,0.49625,-0.5670000000000001,0.8115279306743445,0.004704509743039678,157.0,GCN
253,10,898,1626918631,3,0.6375,0.13875,0.6750971481261938,-0.11761274357599195,333.0,GCN
254,10,17,1626925334,5,0.708,-0.006999999999999999,0.7715395978585072,0.02822705845823807,368.0,Rand
255,10,418,1626938239,4,0.40225,-0.5905,0.7621305783724278,0.13172627280511098,184.0,GCN
256,10,629,1626952618,5,-0.09175,0.635,0.04704509743039678,0.5033825425052456,113.0,WD
257,10,820,1626957146,3,0.56925,0.247,0.6609836188970748,-0.0,358.0,GCN
258,10,195,1626959170,4,0.8445,0.0305,0.8726865573338604,0.05174960717343646,293.0,WD
259,11,529,1626600076,2,0.14075,-0.42525,0.08964704677014497,-0.4482352338507249,374.0,WD
260,11,793,1626610654,2,0.13575,-0.32025,0.2253982890220788,-0.12294452128477025,236.0,Rand
261,11,843,1626621003,1,0.1845,-0.76075,0.02049075354746171,-0.7018083090005636,157.0,WD
262,11,576,1626656060,3,0.55325,-0.19975,0.4610419548178885,-0.4303058244966959,302.0,GCN
263,11,917,1626661514,3,0.602,0.24075,0.5276369038471389,0.2586957635367041,175.0,WD
264,11,17,1626666983,3,0.7095,-0.38425,0.6736335228728038,0.2253982890220788,607.0,Rand
265,11,427,1626675386,2,0.48925,0.3175,0.6326520157778803,-0.14087393063879924,238.0,WD
266,11,720,1626739684,3,0.648,-0.22275,0.5865478202960914,-0.19722350289431886,289.0,Rand
267,11,401,1626744714,4,0.45075,-0.315,0.7684032580298141,-0.28943189385789664,245.0,GCN
268,11,826,1626753463,3,0.7275,0.4355,0.6480200809384766,0.3893243174017725,190.0,Rand
269,11,174,1626761195,2,0.4995,-0.26375,0.5097074944931099,-0.3073613032119257,520.0,WD
270,11,987,1626766817,2,0.5225,-0.22275,0.3611495312740126,-0.4149377593360996,101.0,GCN
271,11,946,1626772135,1,0.25875,-0.4585,-0.09989242354387584,0.5353209364274372,349.0,Rand
272,11,936,1626777486,4,0.625,0.397,0.6890015880334001,0.3765175964346089,526.0,GCN
273,11,928,1626787197,2,0.72225,0.63525,0.6608268019056401,0.4943394293325138,98.0,WD
274,11,820,1626793353,1,0.66075,-0.36875,0.7043696531939962,-0.17417140515342452,132.0,GCN
275,11,716,1626830588,2,0.65825,-0.51225,0.5071461502996774,-0.2279596332155115,208.0,WD
276,11,517,1626835639,3,0.32025,-0.36125,0.5353209364274372,0.2356436657958097,298.0,GCN
277,11,676,1626845938,4,0.38175,-0.36875,0.599354541263255,0.2253982890220788,637.0,Rand
278,11,875,1626856117,4,-0.1690487167665591,0.6633881460990728,0.5225142154602737,-0.3022386148250602,282.0,GCN
279,11,740,1626860480,1,0.643,-0.38675,0.3713949080477435,-0.09989242354387584,119.0,Rand
280,11,739,1626865429,2,0.6940000000000001,0.3355,0.6019158854566877,-0.32016802417908924,429.0,WD
281,11,513,1626911125,3,0.7555,0.28425,0.5839864761026587,0.23308232160237696,506.0,GCN
282,11,873,1626916799,1,0.4635,-0.21525,0.1664873725731264,0.2919932380513294,87.0,Rand
283,11,629,1626922321,3,0.4225,-0.3535,0.5327595922340045,-0.3662722196608781,294.0,WD
284,11,100,1626929386,5,0.36625,-0.69675,0.4636032990113212,-0.28943189385789664,122.0,GCN
285,11,468,1626934389,4,0.28175,-0.3585,0.4661646432047539,-0.22027560063521331,258.0,Rand
286,11,898,1626941887,1,0.65825,0.228,0.5045848061062446,0.21515291224834804,194.0,GCN
287,11,195,1626948359,3,0.61725,0.36875,0.6685108344859383,0.22027560063521331,440.0,WD
288,11,156,1627003742,2,0.42775,-0.30475,0.4840940525587829,-0.2100302238614825,213.0,GCN
289,11,120,1627009095,4,0.44825,-0.23575,0.5942318528763896,-0.12550586547820294,133.0,Rand
290,11,257,1627011231,2,0.44575,-0.16899999999999998,0.3534654986937145,-0.2638184519235695,103.0,WD
291,11,994,1627015665,2,0.51225,-0.2255,0.18185543773372267,0.3124839915987911,1135.0,GCN
292,11,451,1627021445,3,0.76075,0.40475,0.7171763741611599,-0.14087393063879924,356.0,WD
293,11,364,1627030508,3,-0.1435,0.456,0.13575124225193386,-0.2766251728907331,332.0,Rand
294,11,672,1627036256,2,0.47375,0.3305,0.4174991035295323,0.3227293683725219,107.0,WD
295,11,924,1627054487,1,0.76325,0.2715,0.7658419138363814,0.09989242354387584,108.0,GCN
296,11,984,1627087187,3,0.5455,-0.146,0.5225142154602737,-0.18185543773372267,147.0,WD
297,12,588,1626855089,2,-0.392,-0.4115,-0.22130013831258644,0.5912863070539419,69.0,WD
298,12,923,1626858688,4,-0.2075,0.68125,0.2143845089903181,-0.3307976025818349,148.0,GCN
299,12,401,1626925191,4,-0.42425,-0.3585,-0.06685108344859382,0.15329644997694788,105.0,GCN
300,12,120,1626927613,4,-0.6016597510373444,-0.6028123559243891,0.13600737667127707,-0.4322268326417704,99.0,Rand
301,12,576,1626944997,4,0.3735,0.58675,0.6431535269709543,0.367680958967266,73.0,GCN
302,12,126,1627027739,4,0.35725,-0.44375,0.3711387736284002,-0.28930382664822496,203.0,GCN
303,12,826,1627185765,4,0.41275,-0.30325,0.3734439834024896,-0.3792070078377132,122.0,Rand
304,12,754,1627193849,4,0.484,-0.4,0.4472106961733517,-0.3976486860304288,109.0,WD
305,12,936,1627198005,3,0.468,-0.35375,0.4195481788842785,-0.3722913785154449,182.0,GCN
306,12,356,1627200278,4,-0.2905,-0.5705,-0.2443522360534809,-0.2155371138773628,188.0,WD
307,12,731,1627213774,4,0.8229598893499308,0.5866758875057629,0.7860765329644998,0.40686952512678654,93.0,WD
308,12,820,1627218383,3,0.29725,-0.27775,0.6270170585523283,-0.1763485477178423,122.0,GCN
309,12,873,1627270630,4,0.28575,-0.2085,0.3342554172429691,-0.2754725680036884,93.0,Rand
310,12,332,1627276930,4,-0.1475,0.181,0.1475334255417243,0.169432918395574,119.0,WD
311,12,898,1627285002,3,-0.24675,0.4115,-0.2512678653757492,0.3077455048409405,374.0,GCN
312,12,784,1627287270,3,0.3205,0.5015,0.2259105578607653,0.4621945597049331,194.0,WD
313,12,874,1627289760,3,0.20275,-0.2525,0.26509912402028585,-0.20631627478100506,108.0,GCN
314,12,924,1627294161,4,0.5532503457814661,0.42300599354541263,0.7376671277086214,0.3561549100968188,100.0,GCN
315,12,111,1627297380,4,0.39875,-0.3815,0.34117104656523745,-0.2293683725218995,136.0,WD
316,12,507,1627304945,3,-0.29725,0.6235,-0.2743199631166436,0.7388197325956661,234.0,GCN
317,12,571,1627306932,3,-0.7722452743199631,-0.15790686952512678,-0.6247118487782388,-0.388427846934071,263.0,WD
318,12,876,1627310445,3,0.7745504840940526,0.6212540341171047,0.8298755186721991,0.6005071461502997,102.0,WD
319,13,364,1626845069,4,0.151,0.38025,0.4764100199784848,0.27534450079401673,146.0,Rand
320,13,707,1626861674,3,0.07175,0.3905,0.18697812612058806,0.6825982275498182,123.0,Rand
321,13,174,1626924851,5,0.17425,0.465,0.4866553967522157,0.34962348240356544,168.0,WD
322,13,491,1626931223,4,0.607,0.12925,0.5737410993289279,0.3316940730495364,108.0,GCN
323,13,995,1626938661,3,0.4225,-0.10875,-0.10757645612417398,-0.057630244352236064,388.0,Rand
324,13,923,1626947247,5,0.31,-0.14225,0.6121612622304186,0.019210081450745355,148.0,GCN
325,13,928,1626951167,3,0.32025,-0.10375,0.11782183289790485,0.26509912402028585,257.0,WD
326,13,5,1627011690,4,0.753,-0.3395,0.6966856206136981,0.003842016290149071,141.0,Rand
327,13,716,1627016809,5,0.27925,0.12425,0.3739562522411761,-0.22155627273192974,234.0,WD
328,13,629,1627032231,4,0.72225,-0.03725,0.4892167409456483,0.18825879821730448,80.0,WD
329,13,720,1627040808,4,0.31,0.5315,0.6813175554531019,0.3368167614364019,197.0,Rand
330,13,195,1627065218,5,0.91175,-0.35725,0.706930997387429,-0.17032938886327548,176.0,WD
331,13,875,1627094746,4,0.80675,-0.24725,0.6838788996465346,0.16264535628297733,251.0,GCN
332,13,3,1627099864,4,0.7505,0.14225,0.4994621177193792,0.31376466369550743,152.0,Rand
333,13,257,1627110514,2,0.72475,-0.17025,0.2382050099892424,0.2625377798268532,172.0,WD
334,13,395,1627118372,4,0.28675,-0.35725,0.6300906715844475,-0.20618820757133344,192.0,Rand
335,13,17,1627180010,4,0.123,0.365,0.2689411403104349,0.2676604682137186,239.0,Rand
336,13,936,1627185618,3,0.09225,0.424,0.12806720967163568,0.2830285333743149,172.0,GCN
337,13,672,1627196110,2,-0.2305,0.14725,-0.0742789816095487,0.5109881665898264,149.0,WD
338,13,513,1627211787,3,0.4355,-0.319,0.4431125454638595,-0.08836637467342863,195.0,GCN
339,13,987,1627269164,2,0.192,0.06525,0.12038317709133756,0.16776804466984274,142.0,GCN
340,13,793,1627296184,4,-0.2665,0.3035,0.2638184519235695,0.006403360483581784,241.0,Rand
341,13,873,1627327575,1,-0.1,-0.2215,-0.0947697351570104,0.1754520772501409,197.0,Rand
342,14,863,1626911636,5,0.48925,-0.15625,0.7709646022232468,0.3329747451462528,279.0,Rand
343,14,576,1626925001,4,0.9555,0.397,0.9092771886686134,0.36371087546744535,255.0,GCN
344,14,923,1626937341,3,-0.53525,0.041,-0.3534654986937145,-0.010245376773730854,114.0,GCN
345,14,3,1626946051,1,-0.09225,-0.34825,-0.4200604477229651,-0.4840940525587829,153.0,Rand
346,14,491,1626947865,4,-0.7914553557707086,-0.7504738486757851,0.0,-0.6070385738435532,156.0,GCN
347,14,928,1626948328,3,-0.2023461912811844,0.6224066390041495,-0.06915629322268327,0.2586957635367041,146.0,WD
348,14,401,1626956835,4,0.9989242354387584,0.8554889606065263,0.8529276164130937,0.6044772296501204,161.0,GCN
349,14,5,1627011495,3,0.0205,0.2895,-0.007684032580298141,0.5686184109420624,263.0,Rand
350,14,716,1627013309,2,-0.47375,0.79925,-0.5404436248143026,0.5301982480405717,122.0,WD
351,14,126,1627030889,4,0.584,-0.18175,0.6249679831975822,-0.005122688386865427,94.0,GCN
352,14,629,1627034925,3,0.7735,0.274,0.8503662722196609,0.08196301418984682,139.0,WD
353,14,17,1627038679,3,0.438,-0.3585,0.4431125454638595,-0.3278520567593873,77.0,Rand
354,14,195,1627041999,2,0.9989242354387584,0.4507965780441576,0.563495722555197,0.14087393063879924,109.0,WD
355,14,936,1627055658,3,0.13325,-0.23575,0.2279596332155115,-0.22027560063521331,227.0,GCN
356,14,793,1627085658,5,-0.0205,0.40975,0.2638184519235695,0.2586957635367041,192.0,Rand
357,14,257,1627105821,2,0.0385,0.2485,0.012806720967163569,0.3278520567593873,144.0,WD
358,14,826,1627115710,4,0.27675,0.82475,0.2971159264381948,0.8042620767378721,120.0,Rand
359,14,517,1627120066,3,0.19475,0.28425,0.10245376773730856,0.012806720967163569,356.0,GCN
360,14,720,1627129072,2,0.09725,0.09225,0.2535730751498387,0.09220839096357768,129.0,Rand
361,14,451,1627139083,3,0.4764100199784848,-0.30992264740535835,0.25101173095640594,-0.9989242354387584,261.0,WD
362,14,875,1627172611,3,-0.18185543773372267,0.5967931970698223,-0.08452435838327955,0.2484503867629733,130.0,GCN
363,14,676,1627174463,4,0.01525,0.21775,0.1459966190256647,0.2049075354746171,131.0,Rand
364,14,513,1627182742,5,-0.0025,-0.26125,0.3662722196608781,0.05378822806208699,444.0,GCN
365,14,672,1627187305,3,-0.19975,-0.1435,-0.25101173095640594,-0.12550586547820294,145.0,WD
366,14,987,1627203959,3,-0.2125,-0.228,-0.2074688796680498,0.058910916448952425,297.0,GCN
367,14,707,1627219955,4,0.0025,-0.2535,-0.2074688796680498,0.19722350289431886,293.0,Rand
368,14,984,1627226374,2,0.2665,-0.274,0.025613441934327137,-0.2074688796680498,369.0,WD
369,14,100,1627271068,5,-0.00775,0.484,0.3970083499820706,0.4431125454638595,138.0,GCN
370,14,356,1627297029,2,0.2665,0.018000000000000002,0.1664873725731264,-0.012806720967163569,138.0,WD
371,14,898,1627300474,2,0.09725,0.6045,0.19978484708775168,0.4969007735259465,118.0,GCN
372,14,132,1627344560,4,-0.13575,0.0025,0.3176066799856565,0.2484503867629733,172.0,Rand
373,14,731,1627355413,2,0.01525,0.51475,-0.1459966190256647,0.4866553967522157,168.0,WD
374,14,120,1627356543,2,0.5327595922340045,0.4687259873981866,0.5045848061062446,0.2817478612775985,128.0,Rand
375,14,156,1627360040,3,-0.0025,-0.2255,0.010245376773730854,-0.15624199579939554,284.0,GCN
376,14,332,1627380718,3,0.2895,0.55325,0.21771425644178066,0.5045848061062446,159.0,WD
377,14,820,1627395397,2,-0.4533579222375904,-0.286870549664464,-0.6275293273910149,-0.23308232160237696,177.0,GCN
378,14,874,1627399318,3,0.16399999999999998,-0.3125,0.06915629322268327,-0.23308232160237696,177.0,GCN
379,15,597,1626925611,4,0.9004725680036884,-0.4802520362686338,0.8884662670969725,-0.4682457353619179,151.0,Rand
380,15,174,1626952918,3,0.922,-0.14400000000000002,0.9508990318118952,0.12966804979253113,134.0,WD
381,15,923,1626960127,4,0.341,0.15125,0.8644536652835408,0.06723528507760873,216.0,GCN
382,15,826,1627003932,4,-0.3745,-0.7635,0.17048947287536498,-0.5474873213462426,127.0,Rand
383,15,491,1627009958,3,-0.11525,0.49475,0.03601890272014754,0.33617642538804365,168.0,GCN
384,15,928,1627019427,2,-0.0985,0.27625,-0.5763024435223606,-0.17529199323805136,182.0,WD
385,15,576,1627029759,3,0.7875,0.21125,0.994121715076072,0.3577877670201322,200.0,GCN
386,15,364,1627032842,4,0.15125,-0.83075,0.4106154910096819,-0.42502305209774094,241.0,Rand
387,15,716,1627050119,2,0.96775,0.168,0.5594936222529584,0.1872982941447672,156.0,WD
388,15,126,1627097073,2,-0.10575,0.5329999999999999,0.08164284616566775,0.4706469955432611,140.0,GCN
389,15,629,1627104840,2,0.21125,-0.6675,0.10325418779775626,-0.31696634393729833,194.0,WD
390,15,132,1627113932,3,0.9365,0.53075,0.3697940679268481,-0.004802520362686339,267.0,Rand
391,15,195,1627122404,3,0.605,0.29775,0.0936491470723836,0.08404410634701091,451.0,WD
392,15,401,1627128032,4,0.66525,-0.3795,0.9388927309051792,-0.3673928077455049,155.0,GCN
393,15,873,1627138319,2,0.45375,0.50425,-0.1008529276164131,0.2401260181343169,154.0,Rand
394,15,257,1627142486,1,-0.31925,-0.449,-0.25933609958506226,0.14167435069924694,188.0,WD
395,15,524,1627189043,3,0.221,-0.7635,0.3625902873828185,-0.04322268326417704,188.0,Rand
396,15,936,1627193632,3,0.2905,-0.78525,0.23532349777163056,-0.22811971722760105,251.0,GCN
397,15,863,1627199652,4,0.6795566313201168,0.525875979714154,0.6411364684186261,0.31936760411864146,270.0,Rand
398,15,451,1627206800,3,0.27375,0.5379999999999999,0.2953550023052098,-0.18489703396342397,232.0,WD
399,15,875,1627212873,3,0.25925,-0.42975,0.08404410634701091,-0.525875979714154,263.0,GCN
400,15,5,1627219129,4,0.8692561856462272,-0.1921008145074536,0.5907100046104196,0.3842016290149071,189.0,Rand
401,15,517,1627228543,4,0.21600000000000005,-0.5379999999999999,0.2521323190410327,-0.2425272783156601,247.0,GCN
402,15,672,1627263603,2,-0.192,0.5329999999999999,-0.06723528507760873,0.1536806516059628,299.0,WD
403,15,513,1627269128,3,-0.096,0.42975,0.2521323190410327,0.2161134163208852,299.0,GCN
404,15,707,1627274286,3,0.43225,-0.38175,0.3097625633932688,-0.38900414937759337,292.0,Rand
405,15,984,1627279624,3,0.25925,0.36025,0.5066658982634087,0.2089096357768557,246.0,WD
406,15,720,1627354438,2,-0.19930459505148304,0.7347856154910097,-0.0936491470723836,0.5787037037037037,227.0,Rand
407,15,754,1627360142,2,0.233,-0.48975,-0.3938066697402797,0.4394306131858,365.0,WD
408,15,100,1627367207,4,-0.73475,0.83075,-0.2185146765022284,0.21131089595819888,304.0,GCN
409,15,676,1627370945,4,0.73,0.33375,0.7419893960350392,0.2017058552328262,253.0,Rand
410,15,946,1627386576,3,-0.168,0.4995,-0.08644536652835408,0.4922583371753497,370.0,Rand
411,15,731,1627446445,3,0.60275,-0.4035,0.2881512217611803,-0.3673928077455049,350.0,WD
412,15,820,1627455115,2,-0.77325,-0.25925,-0.5162709389887813,-0.4106154910096819,197.0,GCN
413,16,576,1627022212,3,0.0665,-0.13699999999999998,0.16392602837969367,-0.1805747656370063,191.0,GCN
414,16,174,1627027350,3,-0.005,0.39325,0.04866553967522156,0.26509912402028585,125.0,WD
415,16,923,1627032315,3,-0.20225,-0.1755,-0.025613441934327137,-0.11654116080118848,178.0,GCN
416,16,928,1627045431,4,-0.52775,-0.424,-0.19722350289431886,-0.29839659853491113,187.0,WD
417,16,491,1627054402,4,-0.46875,-0.4675,-0.3073613032119257,-0.5084268223963937,143.0,GCN
418,16,716,1627092656,4,0.0,0.0,0.17929409354028994,-0.055068900158803336,278.0,WD
419,16,707,1627104317,2,-0.01025,0.242,0.0,0.2292403053122279,148.0,Rand
420,16,629,1627110386,2,0.32025,-0.22675,0.21515291224834804,-0.18569745402387167,392.0,WD
421,16,126,1627126098,3,0.018000000000000002,-0.28300000000000003,0.12038317709133756,-0.308641975308642,234.0,GCN
422,16,720,1627135849,4,0.25625,0.324,0.3073613032119257,-0.2522924030531223,216.0,Rand
423,16,195,1627184404,4,0.16125,0.0115,0.2228369448286461,-0.11654116080118848,190.0,WD
424,16,826,1627193556,5,0.005,0.388,0.023052097740894426,0.3419394498232673,197.0,Rand
425,16,946,1627208000,3,0.00775,0.23175,-0.0025613441934327127,0.3470621382101327,187.0,Rand
426,16,875,1627219475,5,-0.34825,0.37,-0.2535730751498387,0.3035192869217766,191.0,GCN
427,16,3,1627228932,4,0.333,-0.05775,0.26125710773013683,-0.09861175144715947,377.0,Rand
428,16,517,1627270697,4,0.0255,-0.2395,-0.03842016290149071,-0.3060806311152093,276.0,GCN
429,16,676,1627298907,5,0.19725,0.35975,0.26125710773013683,0.3752369243378926,249.0,Rand
430,16,672,1627304817,3,0.023,-0.265,0.08196301418984682,-0.15496132370267918,168.0,WD
431,16,100,1627352345,5,0.3995,-0.22675,0.5225142154602737,-0.3777982685313253,196.0,GCN
432,16,984,1627360659,3,0.34575,-0.14975,0.2638184519235695,-0.23948568208595875,181.0,WD
433,16,740,1627363494,1,0.48925,0.1395,0.1895394703140208,0.15752266789611188,126.0,Rand
434,16,820,1627391602,2,0.82225,-0.20875,0.742789816095487,-0.21899492853849706,126.0,GCN
435,16,597,1627400989,3,0.0205,-0.3905,0.1126991445110394,-0.4956201014292301,202.0,Rand
436,16,754,1627444699,4,0.21525,0.33425,0.3278520567593873,0.3214486962758056,335.0,WD
437,16,873,1627448893,4,0.13825,0.18825,0.2535730751498387,0.2779058449874495,224.0,Rand
438,16,898,1627453505,4,-0.041,0.306,0.02049075354746171,0.2779058449874495,137.0,GCN
439,16,468,1627464849,3,-0.087,0.43925,-0.09989242354387584,0.3701142359510272,209.0,Rand
440,16,356,1627470247,5,0.274,0.593,0.2407663541826751,0.4981814456226628,193.0,WD
441,17,923,1627006343,4,-0.019210081450745355,-0.3419394498232673,0.16136468418626096,-0.1421546027355156,256.0,GCN
442,17,120,1627013352,3,0.13825,-0.392,0.3534654986937145,-0.5071461502996774,172.0,Rand
443,17,174,1627014284,3,0.58775,-0.37275,0.6224066390041495,-0.3918856615952052,246.0,WD
444,17,576,1627032721,3,0.64925,-0.292,0.6070385738435532,-0.2919932380513294,148.0,GCN
445,17,491,1627091067,4,-0.1,0.28825,0.5186721991701245,0.2574150914399877,225.0,GCN
446,17,364,1627098673,3,0.242,-0.246,0.4687259873981866,-0.39956969417550336,231.0,Rand
447,17,629,1627107689,3,0.461,-0.05775,0.3649915475641617,-0.08068234209313048,155.0,WD
448,17,3,1627111217,3,0.14975,-0.09225,0.15368065160596284,-0.05378822806208699,159.0,Rand
449,17,195,1627190529,2,0.319,-0.4035,0.3073613032119257,-0.31888735208237284,134.0,WD
450,17,126,1627199367,3,0.46875,-0.30725,0.2804671891808821,-0.4341478407868449,171.0,GCN
451,17,826,1627200251,3,0.23825,-0.26125,0.3688335638543108,-0.4264638082065468,189.0,Rand
452,17,875,1627200426,3,0.50325,-0.13075,0.3649915475641617,-0.1921008145074536,163.0,GCN
453,17,451,1627271396,3,-0.0845,0.14975,0.2574150914399877,-0.09989242354387584,412.0,WD
454,17,936,1627284492,3,-0.2305,0.29975,-0.17673274934685726,0.4610419548178885,361.0,GCN
455,17,672,1627287038,3,-0.096,0.51475,-0.09989242354387584,0.3765175964346089,574.0,WD
456,17,100,1627350853,4,-0.06925,0.26125,-0.057630244352236064,0.1459966190256647,212.0,GCN
457,17,597,1627357095,2,-0.27275,0.36875,-0.16520670047641006,0.37267558014445984,417.0,Rand
458,17,468,1627373206,3,-0.08075,0.65325,-0.15752266789611188,0.5225142154602737,250.0,Rand
459,17,754,1627437890,4,-0.119,0.49175,-0.08068234209313048,0.4072537267558015,325.0,WD
460,17,513,1627445248,4,-0.0845,0.4995,-0.08836637467342863,0.4764100199784848,404.0,GCN
461,17,5,1627456487,2,-0.1115,0.57625,-0.09989242354387584,0.5801444598125096,253.0,Rand
462,17,898,1627461815,3,-0.06525,0.192,-0.08068234209313048,0.26125710773013683,244.0,GCN
463,17,873,1627524393,2,0.0115,0.173,-0.1037344398340249,0.31504533579222377,177.0,Rand
464,17,731,1627530293,3,-0.07675,0.31125,-0.023052097740894426,0.12678653757491934,173.0,WD
465,17,156,1627535701,4,0.00375,0.096,-0.04226217919163978,0.09605040725372677,202.0,GCN
466,17,332,1627543064,3,-0.119,0.3995,-0.12294452128477025,0.4110957430459505,425.0,WD
467,18,491,1627051356,4,0.50725,-0.22275,0.7376671277086215,-0.17161006095999182,275.0,GCN
468,18,174,1627091320,3,0.07675,-0.205,0.25101173095640594,-0.2382050099892424,371.0,WD
469,18,17,1627097376,4,0.7735259464166796,0.6454587367450438,0.7479125044823525,-0.19466215870088624,304.0,Rand
470,18,928,1627101144,2,0.80675,0.21,0.5404436248143026,-0.1921008145074536,343.0,WD
471,18,923,1627126679,3,-0.2305,0.25625,0.4507965780441576,0.15624199579939554,313.0,GCN
472,18,524,1627133367,5,0.52,-0.11025,0.7504738486757851,-0.12038317709133756,246.0,Rand
473,18,716,1627136260,2,-0.1075,-0.21775,-0.1664873725731264,-0.18697812612058806,258.0,WD
474,18,720,1627171603,3,-0.128,-0.3175,-0.10245376773730856,-0.12550586547820294,363.0,Rand
475,18,126,1627177808,2,0.00775,-0.34325,0.058910916448952425,0.16136468418626096,367.0,GCN
476,18,120,1627183596,2,-0.2919932380513294,0.7402284719020543,0.4815327083653502,-0.25101173095640594,212.0,Rand
477,18,629,1627188643,3,0.4765,-0.28675,0.5404436248143026,-0.3355360893396855,184.0,WD
478,18,401,1627196446,3,-0.018000000000000002,0.19975,0.07940166999641413,0.3304134009528201,213.0,GCN
479,18,597,1627201976,2,0.47125,-0.19725,0.5122688386865427,-0.09220839096357768,138.0,Rand
480,18,576,1627212776,2,0.48925,-0.333,0.4636032990113212,-0.2100302238614825,266.0,GCN
481,18,195,1627218159,4,0.31,-0.36875,0.5583730341683316,-0.4149377593360996,211.0,WD
482,18,875,1627256609,3,0.38425,-0.333,0.40213103836893604,-0.35858818708057993,256.0,GCN
483,18,707,1627267075,4,0.46875,-0.28175,0.6249679831975822,0.17673274934685726,227.0,Rand
484,18,257,1627277697,3,0.36875,-0.315,0.34322012191998363,0.23052097740894426,320.0,WD
485,18,517,1627280810,3,-0.03575,0.32275,0.32529071256595465,0.2382050099892424,346.0,GCN
486,18,451,1627284953,4,0.589,0.69675,0.6249679831975822,0.545566313201168,393.0,WD
487,18,468,1627298205,3,0.0,0.502,-0.18697812612058806,0.4661646432047539,346.0,Rand
488,18,672,1627307954,4,-0.50975,-0.4225,-0.2996772706316275,-0.1485579632190974,224.0,WD
489,18,820,1627309727,2,-0.0615,-0.30475,0.16392602837969367,-0.3842016290149071,191.0,GCN
490,18,5,1627343420,4,-0.16399999999999998,-0.16399999999999998,-0.03842016290149071,-0.21259156805491525,310.0,Rand
491,18,395,1627361712,3,0.57625,0.2665,0.3176066799856565,-0.1511193074125301,385.0,Rand
492,18,100,1627366767,4,0.36125,0.3715,0.2074688796680498,0.4149377593360996,546.0,GCN
493,18,364,1627371951,3,0.55075,0.6225,0.2484503867629733,0.45591926643102293,359.0,Rand
494,18,987,1627384884,2,0.40225,-0.1255,0.4482352338507249,-0.15368065160596284,213.0,GCN
495,18,676,1627389714,5,-0.74025,0.65325,0.012806720967163569,0.2484503867629733,214.0,Rand
496,18,513,1627394432,4,0.45325,-0.31,0.5301982480405717,-0.2253982890220788,232.0,GCN
497,18,754,1627429744,3,0.192,-0.251,0.02049075354746171,-0.10245376773730856,377.0,WD
498,18,826,1627446721,4,0.023,-0.333,0.23052097740894426,-0.25101173095640594,111.0,Rand
499,18,356,1627451397,2,0.023,0.246,0.1921008145074536,0.1459966190256647,165.0,WD
500,18,874,1627461594,3,0.4355,-0.21525,0.3227293683725219,-0.3355360893396855,230.0,GCN
501,18,731,1627470643,3,0.19475,-0.11025,0.25101173095640594,0.21259156805491525,543.0,WD
502,18,332,1627479227,3,-0.86325,0.9425,-0.5609343783617643,0.7786486348035451,77.0,WD
503,18,19,1627516252,3,-0.274,0.11525,0.02817478612775985,-0.15880333999282825,149.0,GCN
504,18,873,1627527704,2,0.005,0.42525,-0.14087393063879924,0.2458890425695405,344.0,Rand
505,18,784,1627534823,2,0.8682956815736899,0.9297679422160752,0.4098150709492342,0.4431125454638595,221.0,WD
506,18,807,1627542963,2,-0.0255,0.269,-0.023052097740894426,0.35858818708057993,284.0,GCN
507,18,111,1627549250,3,0.44575,-0.36875,0.4482352338507249,-0.4098150709492342,214.0,WD
508,18,898,1627555777,3,-0.12806720967163568,0.8580503047999591,0.3611495312740126,-0.3688335638543108,490.0,GCN
509,18,571,1627569230,4,0.46875,-0.43275,0.4200604477229651,-0.4636032990113212,147.0,WD
510,18,876,1627602653,3,0.05375,-0.4175,0.0742789816095487,-0.1511193074125301,176.0,WD
511,18,418,1627613262,3,0.00775,0.55575,0.3842016290149071,0.5353209364274372,223.0,GCN
512,19,174,1627125322,4,0.49425,-0.01275,0.7453511602889197,0.3022386148250602,273.0,WD
513,19,923,1627135432,4,0.6095,0.55825,0.7325444393217562,0.5225142154602737,149.0,GCN
514,19,364,1627137523,3,0.602,0.4995,0.653142769325342,0.5404436248143026,166.0,Rand
515,19,928,1627138157,4,0.742789816095487,0.3739562522411761,0.8426822396393628,0.5660570667486298,180.0,WD
516,19,707,1627139910,3,0.5429999999999999,0.24325,0.3816402848214743,0.3867629732083398,127.0,Rand
517,19,576,1627141530,4,0.456,-0.21,0.5327595922340045,0.1921008145074536,223.0,GCN
518,19,120,1627211906,4,0.584,0.38175,0.7812099789969777,0.5148301828799755,121.0,Rand
519,19,716,1627213365,3,0.5660000000000001,0.1205,0.7453511602889197,0.4200604477229651,171.0,WD
520,19,491,1627218606,4,0.53025,-0.005,0.5814251319092261,0.19466215870088624,120.0,GCN
521,19,401,1627224608,4,0.48925,-0.13575,0.4943394293325138,0.13575124225193386,93.0,GCN
522,19,629,1627226058,4,0.4995,-0.21775,0.4943394293325138,-0.03073613032119257,147.0,WD
523,19,126,1627227960,4,0.40475,-0.13825,0.4994621177193792,0.19722350289431886,88.0,GCN
524,19,5,1627228820,3,0.415,-0.13325,0.4277444803032632,0.11782183289790485,96.0,Rand
525,19,195,1627263163,4,-0.023,-0.15875,0.2766251728907331,0.07684032580298142,122.0,WD
526,19,517,1627272545,4,-0.38425,-0.13075,0.2356436657958097,0.07940166999641413,154.0,GCN
527,19,720,1627305484,2,0.32025,-0.3355,0.3688335638543108,-0.2945545822447621,144.0,Rand
528,19,451,1627308480,4,0.44825,-0.461,0.4098150709492342,-0.17161006095999182,217.0,WD
529,19,987,1627315155,4,0.47125,-0.4815,0.4892167409456483,-0.34322012191998363,113.0,GCN
530,19,672,1627367162,3,0.1485,-0.2485,0.1459966190256647,-0.2023461912811844,324.0,WD
531,19,395,1627369802,3,0.3535,-0.13575,0.2971159264381948,-0.1126991445110394,245.0,Rand
532,19,875,1627379539,4,-0.1845,-0.40475,-0.17929409354028994,-0.0947697351570104,429.0,GCN
533,19,826,1627384327,4,-0.443,-0.36125,-0.2715024845038677,-0.1485579632190974,152.0,Rand
534,19,984,1627399292,3,-0.584,-0.54825,-0.4661646432047539,-0.3970083499820706,100.0,WD
535,19,513,1627400811,2,-0.18175,-0.21,-0.22027560063521331,-0.24332769837610785,101.0,GCN
536,19,754,1627473440,5,0.3355,-0.064,0.3406587777265509,0.04866553967522156,391.0,WD
537,19,820,1627538267,3,0.31,-0.05625,0.4123764151426669,-0.051226883868654274,162.0,GCN
538,19,356,1627550720,3,0.34575,-0.1255,0.42262179191639776,-0.10245376773730856,217.0,WD
539,19,793,1627558551,2,0.48675,-0.07425,0.545566313201168,-0.07171763741611599,208.0,Rand
540,19,731,1627561540,3,0.45325,-0.0435,0.5020234619128119,0.08452435838327955,112.0,WD
541,19,874,1627564230,4,0.4765,0.15375,0.5301982480405717,0.13318989805850112,130.0,GCN
542,19,873,1627572535,2,0.5379999999999999,-0.397,0.5481276573946008,-0.19466215870088624,311.0,Rand
543,19,332,1627574392,3,0.5405,-0.38675,0.5916705086829569,-0.18441678192715533,112.0,WD
544,19,676,1627615174,4,0.4970000000000001,0.192,0.5276369038471389,0.15368065160596284,175.0,Rand
545,20,576,1634033515,4,0.73525,-0.08875,0.7192254495159058,-0.008068234209313047,90.0,GCN
546,20,174,1634047231,3,0.7885,0.04275,0.6131857999077915,0.07722452743199631,227.0,WD
547,20,928,1634092918,3,-0.4425,-0.2985,-0.4402950668510833,0.014983863531581373,277.0,WD
548,20,863,1634100145,4,0.36875,0.061,0.7076994006454587,0.014983863531581373,220.0,Rand
549,20,946,1634116301,2,0.53475,-0.46675,0.5417242969110189,-0.4345320424158599,162.0,Rand
550,20,3,1634120890,3,0.687,-0.0565,0.42415859843245735,-0.0218994928538497,126.0,Rand
551,20,401,1634134880,5,0.70775,0.022,0.7999077916090364,0.05186721991701245,177.0,GCN
552,20,491,1634179057,4,0.4035,-0.5775,0.5094513600737667,-0.4322268326417704,252.0,GCN
553,20,126,1634186789,4,0.498,0.0335,0.4725680036883356,0.1256339326878746,211.0,GCN
554,20,195,1634207463,4,0.39425,-0.05175,0.520977408944214,-0.054172429691101885,228.0,WD
555,20,5,1634219016,5,0.295,-0.13725,0.677731673582296,0.008068234209313047,197.0,Rand
556,20,17,1634272730,4,0.06,0.031,0.2996772706316275,0.017289073305670817,146.0,Rand
557,20,513,1634294416,3,0.0645,0.015,0.0,0.0,124.0,GCN
558,20,936,1634370151,4,0.2145,0.04275,0.21899492853849695,0.010373443983402493,120.0,GCN
559,20,987,1634382947,3,0.15675,0.015,0.2858460119870908,0.014983863531581373,115.0,GCN
560,20,257,1634389582,3,0.0,0.0,-0.09220839096357768,0.03573075149838635,175.0,WD
561,20,451,1634394110,5,0.196,0.015,0.5348086675887506,0.04725680036883356,205.0,WD
562,20,672,1634449242,5,0.332,0.01275,0.4472106961733517,0.014983863531581373,168.0,WD
563,20,826,1634465553,3,0.5095,-0.00125,0.4702627939142462,0.03803596127247578,150.0,Rand
564,20,720,1634478443,3,0.16375,0.00575,0.06224066390041494,0.026509912402028584,371.0,Rand
565,20,676,1634532384,4,0.2675,0.015,0.4172429691101889,0.008068234209313047,151.0,Rand
566,20,517,1634540396,3,0.401,0.04025,0.3619179345320424,0.0218994928538497,191.0,GCN
567,20,100,1634546287,4,0.58325,0.0335,0.6754264638082065,0.04725680036883356,191.0,GCN
568,20,898,1634554598,3,0.4425,0.0195,0.396496081143384,0.024204702627939143,151.0,GCN
569,20,984,1634562785,2,0.50475,0.0335,0.3941908713692946,0.008068234209313047,137.0,WD
570,20,754,1634619703,4,0.29975,0.01025,0.34117104656523745,0.003457814661134163,266.0,WD
571,20,707,1634639061,3,0.29975,0.01275,0.239741816505302,0.05878284923928076,151.0,Rand
572,20,395,1634654528,4,0.2075,0.04025,0.2950668510834486,0.019594283079760258,199.0,Rand
573,21,126,1634020949,2,0.7965,-0.53525,0.5660570667486298,-0.4969007735259465,107.0,GCN
574,21,174,1634028922,3,0.6147226064238513,0.2791865170841658,0.17417140515342452,-0.2766251728907331,198.0,WD
575,21,928,1634034957,3,0.19475,-0.55325,0.08196301418984682,-0.653142769325342,152.0,WD
576,21,716,1634044986,4,0.3125,0.67625,0.4840940525587829,-0.35858818708057993,199.0,WD
577,21,597,1634045235,3,0.8580503047999591,-0.4200604477229651,0.005122688386865427,-0.6633881460990728,122.0,Rand
578,21,826,1634089958,3,-0.1,-0.397,-0.03842016290149071,-0.23308232160237696,185.0,Rand
579,21,364,1634097118,4,0.643,0.28425,0.6736335228728038,0.18697812612058806,172.0,Rand
580,21,923,1634101492,3,0.67375,-0.3995,0.28943189385789664,-0.4533579222375904,198.0,GCN
581,21,401,1634105225,4,0.6659999999999999,-0.5429999999999999,0.6454587367450438,-0.5430049690077353,153.0,GCN
582,21,257,1634134369,2,0.461,-0.4225,0.08196301418984682,-0.26125710773013683,234.0,WD
583,21,132,1634174142,3,-0.21259156805491525,0.2945545822447621,-0.14087393063879924,-0.21771425644178066,283.0,Rand
584,21,517,1634180410,3,-0.4815327083653502,-0.2638184519235695,0.06659494902925056,-0.17929409354028994,226.0,GCN
585,21,451,1634185663,3,0.09225,-0.44825,0.02817478612775985,-0.4994621177193792,331.0,WD
586,21,873,1634194908,2,-0.146,-0.794,-0.2074688796680498,-0.3380974335331182,168.0,Rand
587,21,672,1634202210,3,-0.04875,-0.63775,-0.058910916448952425,-0.19722350289431886,177.0,WD
588,21,524,1634221521,4,0.17675,-0.49425,0.4661646432047539,-0.4994621177193792,240.0,Rand
589,21,875,1634224532,3,0.584,0.29975,0.6608268019056401,0.2971159264381948,229.0,GCN
590,21,863,1634261542,4,0.27925,-0.5225,0.4431125454638595,-0.5148301828799755,251.0,Rand
591,21,100,1634271344,5,0.005,-0.52775,0.6044772296501204,-0.4431125454638595,245.0,GCN
592,21,984,1634285094,3,0.6172839506172839,0.6582654577122075,0.5711797551354951,-0.2253982890220788,166.0,WD
593,21,820,1634290221,4,0.14075,0.5455,0.5481276573946008,0.24332769837610785,334.0,GCN
594,21,513,1634312640,4,0.28175,-0.5685,0.23308232160237696,-0.3867629732083398,254.0,GCN
595,21,898,1634349901,4,-0.146,-0.29975,0.4943394293325138,-0.4712873315916194,190.0,GCN
596,21,5,1634360691,4,-0.1255,0.1895,0.1306285538650684,0.2100302238614825,144.0,Rand
597,21,987,1634367975,3,-0.13831258644536654,0.4405512012704267,-0.21259156805491525,0.0947697351570104,238.0,GCN
598,21,707,1634386970,2,0.5225,-0.34325,0.5404436248143026,0.28943189385789664,199.0,Rand
599,21,720,1634393928,4,-0.15625,-0.5660000000000001,0.05378822806208699,-0.5148301828799755,279.0,Rand
600,21,676,1634435880,4,-0.20225,-0.55575,-0.02049075354746171,-0.4866553967522157,274.0,Rand
601,21,754,1634443930,3,0.251,-0.32025,0.3124839915987911,-0.5430049690077353,415.0,WD
602,21,946,1634447658,2,-0.03075,0.105,-0.2945545822447621,0.1485579632190974,337.0,Rand
603,21,341,1634451440,4,0.4456738896572922,0.4482352338507249,0.4764100199784848,-0.3688335638543108,212.0,GCN
604,21,356,1634463851,4,-0.1895,-0.48675,0.025613441934327137,-0.5430049690077353,173.0,WD
605,21,793,1634469195,5,-0.13325,-0.6275,0.3534654986937145,-0.6761948670662364,223.0,Rand
606,21,731,1634477901,4,0.64025,-0.36875,0.40213103836893604,-0.4764100199784848,229.0,WD
607,21,742,1634521313,4,-0.041,-0.2255,0.3790789406280417,-0.5506890015880335,283.0,GCN
608,21,19,1634531399,4,-0.16125,0.42525,0.03073613032119257,0.5020234619128119,159.0,GCN
609,22,174,1634089638,4,0.23825,0.60225,0.570539419087137,0.16616720454894732,312.0,WD
610,22,923,1634113840,4,-0.979714153988013,0.11045796834178576,-0.4610419548178885,-0.3832411249423698,134.0,GCN
611,22,401,1634196594,4,0.5725,-0.27375,0.5090671584447518,-0.1431151068080529,169.0,GCN
612,22,928,1634210071,2,0.6955,0.1065,-0.5301982480405717,0.21803442446595966,234.0,WD
613,22,576,1634216796,4,0.292,-0.585,0.1306285538650684,-0.6694713385584755,207.0,GCN
614,22,716,1634224675,4,-0.8240000000000001,0.318,0.2266789611187952,0.3371369294605809,185.0,WD
615,22,707,1634233945,1,0.8567696327032428,0.7520746887966806,0.15752266789611188,0.5868679883202705,84.0,Rand
616,22,257,1634455276,4,0.57625,0.5985,0.05378822806208699,0.5714999231596742,582.0,WD
617,22,946,1634476040,1,0.9355,0.923,0.5974335331181805,-0.4082142308283387,124.0,Rand
618,22,451,1634483318,4,-0.24025,-0.23525,0.7453511602889197,-0.5253957276778854,463.0,WD
619,22,517,1634627940,5,-0.947,-0.3985,-0.34001844167819273,-0.3275318887352083,311.0,GCN
620,23,923,1634084747,2,0.6300906715844475,0.3816402848214743,0.5839864761026587,-0.2484503867629733,206.0,GCN
621,23,120,1634094807,4,-0.5122688386865427,0.7786486348035451,-0.1921008145074536,0.6198452948107167,204.0,Rand
622,23,491,1634099706,3,-0.17675,0.34325,0.0,0.0,256.0,GCN
623,23,174,1634113250,2,0.16899999999999998,0.27675,0.1306285538650684,-0.15880333999282825,486.0,WD
624,23,576,1634117538,2,0.65575,-0.20225,0.4764100199784848,-0.04866553967522156,228.0,GCN
625,23,928,1634120263,2,0.2075,-0.23575,0.023052097740894426,-0.010245376773730854,314.0,WD
626,23,863,1634131746,3,-0.286870549664464,0.7402284719020543,-0.2279596332155115,0.4892167409456483,291.0,Rand
627,23,716,1634135297,3,-0.1435,0.2305,-0.17673274934685726,0.1485579632190974,172.0,WD
628,23,364,1634136864,2,0.26125,0.5225,0.3329747451462528,0.3611495312740126,203.0,Rand
629,23,401,1634139737,3,0.16399999999999998,0.09475,0.17673274934685726,0.017929409354028997,167.0,GCN
630,23,3,1634176975,2,0.146,-0.246,0.2407663541826751,-0.09989242354387584,225.0,Rand
631,23,126,1634181631,2,-0.128,-0.42525,-0.18697812612058806,-0.005122688386865427,244.0,GCN
632,23,629,1634185487,2,0.5379999999999999,0.34825,0.22027560063521331,0.1921008145074536,171.0,WD
633,23,936,1634204560,3,0.80425,0.36375,0.5122688386865427,0.2023461912811844,241.0,GCN
634,23,195,1634224268,4,0.03325,0.0255,0.3047999590184929,0.24332769837610785,191.0,WD
635,23,395,1634258972,3,0.2665,0.228,0.25613441934327136,0.3022386148250602,337.0,Rand
636,23,257,1634268024,2,0.24325,-0.4765,0.17929409354028994,0.03073613032119257,160.0,WD
637,23,826,1634273943,3,0.005,0.61475,0.1690487167665591,0.3355360893396855,358.0,Rand
638,23,451,1634287854,2,-0.1,-0.0795,-0.04610419548178885,-0.07940166999641413,253.0,WD
639,23,672,1634294106,2,0.02825,0.023,0.06659494902925056,0.0947697351570104,228.0,WD
640,23,132,1634303191,2,-0.123,0.27925,-0.12294452128477025,-0.10757645612417398,520.0,Rand
641,23,720,1634312208,2,0.415,0.57875,0.32016802417908924,0.3380974335331182,276.0,Rand
642,23,597,1634352249,2,0.192,0.0435,0.21259156805491525,0.07684032580298142,197.0,Rand
643,23,875,1634358773,3,-0.23575,0.561,-0.1690487167665591,0.2689411403104349,176.0,GCN
644,23,987,1634369018,2,0.61475,0.3125,0.563495722555197,0.2715024845038677,250.0,GCN
645,23,517,1634375919,2,0.05625,0.42525,0.13318989805850112,0.21259156805491525,191.0,GCN
646,23,984,1634389174,1,-0.11775,0.3765,-0.1485579632190974,0.2458890425695405,234.0,WD
647,23,754,1634399045,3,-0.16125,-0.3175,-0.2484503867629733,0.2740638286973004,460.0,WD
648,23,468,1634440976,2,-0.0255,0.49175,-0.08452435838327955,0.4354285128835613,217.0,Rand
649,23,740,1634449376,2,-0.15625,0.397,-0.1126991445110394,0.34322012191998363,227.0,Rand
650,23,5,1634453450,3,0.0025,0.4995,-0.2945545822447621,0.4584806106244558,320.0,Rand
651,23,17,1634460850,3,-0.21525,0.01275,-0.12550586547820294,0.17929409354028994,513.0,GCN
652,23,820,1634468886,2,0.0025,0.61225,0.0025613441934327127,0.7812099789969777,262.0,GCN
653,23,100,1634473870,4,-0.23575,-0.274,0.2766251728907331,-0.2100302238614825,281.0,GCN
654,23,356,1634479096,2,0.42775,-0.17925,0.4405512012704267,-0.22027560063521331,221.0,WD
655,23,731,1634484528,2,0.23575,0.34325,0.5481276573946008,0.2586957635367041,282.0,WD
656,23,332,1634521853,2,-0.2255,0.1845,-0.16392602837969367,0.31504533579222377,174.0,WD
657,23,873,1634532007,3,0.69925,0.3125,0.5225142154602737,0.3406587777265509,229.0,Rand
658,23,946,1634548905,2,0.40725,0.1075,0.4610419548178885,0.13318989805850112,369.0,Rand
659,23,341,1634560083,2,-0.0615,-0.61475,-0.061472260642385125,-0.6326520157778803,163.0,GCN
660,23,784,1634570259,4,-0.13325,0.2255,0.14087393063879924,0.3380974335331182,429.0,WD
661,23,898,1634572402,2,-0.15375,0.1485,0.1664873725731264,-0.16392602837969367,299.0,GCN
662,24,17,1634115054,4,0.59675,0.27925,0.0,0.0,77.0,Rand
663,24,174,1634171940,2,0.53275,-0.32775,0.3713949080477435,0.3278520567593873,414.0,WD
664,24,576,1634188605,4,-0.19725,0.63525,0.25101173095640594,-0.1485579632190974,223.0,GCN
665,24,928,1634193166,5,0.16399999999999998,-0.192,0.5558116899748989,-0.32529071256595465,253.0,WD
666,24,524,1634197569,2,0.35100000000000003,-0.19725,-0.13575124225193386,0.5788637877157933,187.0,Rand
667,24,716,1634205467,5,0.748,-0.17925,0.8478049280262282,-0.03329747451462528,240.0,WD
668,24,720,1634209780,2,0.36875,0.3715,0.14343527483223198,0.7299830951283234,339.0,Rand
669,24,629,1634216562,4,0.17675,-0.57125,0.26125710773013683,-0.02049075354746171,206.0,WD
670,24,195,1634258743,4,0.43275,-0.17925,0.3918856615952052,-0.12038317709133756,234.0,WD
671,24,120,1634263334,5,0.128,-0.1845,0.5173915270734082,-0.2996772706316275,130.0,Rand
672,24,597,1634269943,4,0.61975,-0.246,0.5199528712668409,0.26637979611700224,267.0,Rand
673,24,707,1634276132,2,0.1255,-0.625,-0.12294452128477025,0.3918856615952052,308.0,Rand
674,24,401,1634280854,5,0.28175,0.36375,0.2253982890220788,0.6326520157778803,166.0,GCN
675,24,491,1634285384,4,0.53525,0.0665,0.5481276573946008,0.1664873725731264,283.0,GCN
676,24,126,1634296742,4,0.20225,0.6709999999999999,0.3739562522411761,0.5737410993289279,330.0,GCN
677,24,257,1634342148,2,0.52775,0.0665,-0.0947697351570104,0.07940166999641413,247.0,WD
678,24,451,1634347264,5,0.479,-0.38925,0.8298755186721992,-0.005122688386865427,355.0,WD
679,24,672,1634359915,4,0.922,0.3125,0.706930997387429,0.6121612622304186,225.0,WD
680,24,364,1634428643,2,0.52775,-0.30725,0.21771425644178066,0.16392602837969367,287.0,Rand
681,24,875,1634428915,2,0.5225,0.24075,0.08452435838327955,0.12038317709133756,245.0,GCN
682,24,676,1634437423,5,0.0795,-0.7505,0.4661646432047539,-0.4943394293325138,274.0,Rand
683,24,984,1634441785,4,0.15875,-0.48925,0.4712873315916194,0.12806720967163568,259.0,WD
684,24,513,1634453435,4,0.25625,-0.607,0.1306285538650684,-0.02817478612775985,296.0,GCN
685,24,826,1634465517,5,0.83,0.7275,0.7146150299677272,0.3970083499820706,241.0,Rand
686,24,754,1634512528,2,0.19975,0.6635,0.15624199579939554,0.9784334818912966,400.0,WD
687,24,995,1634520054,2,-0.26125,0.67875,-0.1690487167665591,0.5020234619128119,470.0,Rand
688,24,987,1634527430,4,-0.07675,0.48925,0.023052097740894426,0.13831258644536654,264.0,GCN
689,25,707,1634169315,4,-0.09225,-0.589,0.2049075354746171,0.11782183289790485,214.0,Rand
690,25,120,1634176121,4,-0.21525,0.7325,0.34834281030684905,0.5891091644895242,165.0,Rand
691,25,923,1634189821,4,0.999,0.48675,0.9912402028584604,0.4764100199784848,130.0,GCN
692,25,576,1634200068,4,0.72475,0.26375,0.9938015470518928,0.2766251728907331,127.0,GCN
693,25,401,1634214402,4,0.73775,0.51475,0.9707494493109984,0.35858818708057993,129.0,GCN
694,25,995,1634272830,3,0.50725,0.53525,0.07940166999641413,0.5378822806208698,154.0,Rand
695,25,491,1634277554,3,0.6685,0.7505,0.2228369448286461,0.5814251319092261,165.0,GCN
696,25,928,1634284913,4,0.5225,0.32275,0.5891091644895242,0.4431125454638595,149.0,WD
697,25,126,1634291696,3,0.5379999999999999,0.55825,0.2023461912811844,0.49177808513908094,140.0,GCN
698,25,716,1634299775,4,0.17925,0.981,0.5045848061062446,0.7325444393217562,160.0,WD
699,25,5,1634312914,4,0.192,0.35100000000000003,0.2638184519235695,0.599354541263255,156.0,Rand
700,25,629,1634351208,4,0.8605,0.192,0.6428973925516112,0.4610419548178885,139.0,WD
701,25,720,1634356066,2,0.76325,0.7735,0.2279596332155115,0.1459966190256647,262.0,Rand
702,25,875,1634367390,4,0.71725,0.22275,0.706930997387429,0.1664873725731264,200.0,GCN
703,25,3,1634374144,2,0.6890000000000001,0.4635,0.3355360893396855,0.6095999180369859,432.0,Rand
704,25,936,1634386599,4,0.21775,1.0,0.5276369038471389,0.7888940115772758,196.0,GCN
705,25,195,1634394313,4,0.1845,0.78125,0.635213359971313,0.4764100199784848,213.0,WD
706,25,820,1634399449,1,-0.73,-0.0845,-0.6992469648071309,0.21259156805491525,136.0,GCN
707,25,257,1634441582,2,0.42775,0.479,0.2740638286973004,0.6403360483581785,133.0,WD
708,25,395,1634454880,4,-0.6865,0.6890000000000001,-0.2996772706316275,0.7043696531939962,199.0,Rand
709,25,451,1634463604,4,0.67625,0.53025,0.5788637877157933,0.6224066390041495,146.0,WD
710,25,672,1634471524,3,0.45325,0.6275,0.473848675785052,0.5276369038471389,189.0,WD
711,25,984,1634485784,3,-0.246,0.6865,0.09220839096357768,0.6019158854566877,173.0,WD
712,25,826,1634517296,4,0.55825,0.32025,0.4046923825623688,0.4815327083653502,128.0,Rand
713,25,17,1634523874,5,0.52,0.187,0.49177808513908094,0.6095999180369859,146.0,Rand
714,25,524,1634530209,4,0.315,0.8605,0.5916705086829569,0.653142769325342,179.0,Rand
715,25,517,1634542189,4,0.584,0.89125,0.7965780441575739,0.5711797551354951,171.0,GCN
716,25,156,1634555115,4,0.55825,0.812,0.5199528712668409,0.9502586957635368,133.0,GCN
717,25,513,1634572463,4,0.15625,0.92725,0.9989242354387584,-0.9989242354387584,157.0,GCN
718,25,873,1634618588,2,-0.187,0.835,-0.11526048870447213,0.706930997387429,153.0,Rand
719,25,987,1634627541,3,-0.18175,0.76075,0.058910916448952425,0.653142769325342,210.0,GCN
720,25,100,1634636268,5,0.01025,0.83,0.09989242354387584,0.6300906715844475,188.0,GCN
721,25,754,1634641961,3,0.5685,0.55575,0.4533579222375904,0.5839864761026587,270.0,WD
722,25,676,1634650541,4,0.2665,0.55075,0.2971159264381948,0.7760872906101123,325.0,Rand
723,25,356,1634698473,2,0.146,0.297,0.06403360483581784,0.2253982890220788,135.0,WD
724,25,898,1634702291,4,-0.22025,0.44825,-0.03073613032119257,0.3124839915987911,166.0,GCN
725,25,731,1634713412,4,0.08975,0.57875,0.3765175964346089,0.5609343783617643,129.0,WD
726,25,332,1634721386,4,0.01275,0.7120000000000001,-0.04354285128835613,0.6966856206136981,146.0,WD
727,25,341,1634728574,2,-0.023,0.9195,0.015368065160596285,0.8196301418984684,137.0,GCN
728,25,924,1634730591,3,0.38175,0.65825,0.005122688386865427,0.5558116899748989,142.0,GCN
729,25,784,1634737675,2,-0.03075,-0.01025,-0.0947697351570104,-0.30992264740535835,128.0,WD
730,25,874,1634741610,4,0.94,0.192,0.6633881460990728,0.04610419548178885,151.0,GCN
731,26,946,1634342236,2,0.4955,0.43925,0.034578146611341634,0.8517750115260488,147.0,Rand
732,26,923,1634349315,5,0.93125,0.48075,0.99124020285846,0.29160903642231445,111.0,GCN
733,26,576,1634360626,5,0.99825,1.0,0.9866297833102812,0.4575841401567543,136.0,GCN
734,26,491,1634370491,5,0.83225,0.0565,0.9981558321807285,0.545182111572153,150.0,GCN
735,26,401,1634375688,5,0.4495,0.2985,0.5555555555555556,0.2431996311664361,374.0,GCN
736,26,3,1634391620,4,0.5670000000000001,0.536,0.3158137390502536,0.7388197325956661,119.0,WD
737,26,126,1634399301,5,0.537,0.50825,0.677731673582296,0.7134624250806824,116.0,GCN
738,26,174,1634426994,3,0.7885,-0.19025,0.5417242969110189,-0.16712770862148454,135.0,WD
739,26,517,1634432844,2,0.83225,0.09575,0.5094513600737667,0.049562010142923,139.0,GCN
740,26,928,1634458518,3,0.537,-0.48525,0.3296449976947902,-0.2339787920700784,179.0,WD
741,26,5,1634465287,4,0.5025,-0.14875,0.474873213462425,0.003457814661134163,158.0,WD
742,26,716,1634471044,3,0.2835,-0.748,0.26509912402028585,-0.3999538958045182,152.0,WD
743,26,17,1634477476,3,0.99825,-0.33075,0.9981558321807285,-0.10027662517289072,171.0,Rand
744,26,875,1634482762,5,0.97275,-0.0035,0.5117565698478561,-0.5221300138312587,151.0,GCN
745,26,793,1634486084,1,0.256,-0.68125,-0.12909174734900875,-0.5520977408944214,153.0,Rand
746,26,936,1634511989,3,0.309,-0.8655,0.19133241124942368,-0.4091747349008761,154.0,GCN
747,26,629,1634520884,5,0.4795,-0.55675,0.8690640848317197,0.04725680036883356,150.0,WD
748,26,820,1634528438,4,0.544,0.536,0.2558782849239281,0.2455048409405256,213.0,GCN
749,26,195,1634533473,5,0.053,-0.44825,0.18441678192715533,-0.2777777777777778,147.0,WD
750,26,826,1634539725,4,0.25125,-0.4415,0.4218533886583679,0.1302443522360535,147.0,Rand
751,26,257,1634550517,2,0.51625,-0.5775,-0.3918856615952052,-0.4783310281235592,214.0,WD
752,26,451,1634560351,5,0.604,-0.287,0.8621484555094513,-0.2362840018441678,185.0,WD
753,26,720,1634601033,4,0.484,-0.6305,0.09220839096357768,-0.7826187183033656,151.0,Rand
754,26,874,1634606579,5,0.5095,-0.1695,0.2720147533425541,-0.13485477178423236,172.0,GCN
755,26,672,1634614354,5,0.51175,-0.57275,0.5232826187183034,-0.20631627478100506,229.0,WD
756,26,513,1634619399,4,0.05075,-0.476,0.5624711848778239,-0.4921622867680959,198.0,GCN
757,26,984,1634631969,4,0.56025,0.28,0.2512678653757492,0.049562010142923,152.0,WD
758,26,987,1634639327,5,0.3205,-0.72725,0.5117565698478561,0.4829414476717381,150.0,GCN
759,26,676,1634658539,5,0.10825,-0.4345,0.4863992623328723,0.5359612724757953,205.0,Rand
760,26,100,1634689610,5,0.106,-0.53375,0.49562010142923,-0.2132319041032734,195.0,GCN
761,26,707,1634702195,5,0.55775,0.5545,0.13370216689718764,0.76417704011065,145.0,Rand
762,26,898,1634707395,3,0.4725,-0.54975,0.4840940525587829,-0.5175195942830797,460.0,GCN
763,26,99,1634729865,5,0.438,-0.53125,0.756108805901337,-0.3953434762563393,297.0,GCN
764,26,754,1634734460,1,0.03225,-0.8655,0.03688335638543108,-0.8863531581373905,146.0,Rand
765,26,395,1634739667,3,0.09675,-0.898,-0.009220839096357769,-0.8287229137851544,145.0,Rand
766,26,356,1634774886,3,0.47725,-0.53825,0.5186721991701244,-0.5797602581834946,146.0,WD
767,26,731,1634785441,5,0.88975,0.06575,0.8713692946058091,0.028815122176118025,164.0,WD
768,26,332,1634793038,4,0.53025,-0.5405,0.5832180728446289,-0.2155371138773628,162.0,WD
769,26,784,1634805546,1,0.6915,-0.2455,-0.1267865375749193,0.7388197325956661,158.0,Rand
770,26,132,1634810219,5,0.86675,0.038,0.8736745043798986,0.10258183494698016,195.0,Rand
771,26,120,1634815104,1,0.87125,0.0335,-0.1152604887044721,-0.2731673582295989,155.0,Rand
772,26,364,1634828215,3,0.87375,0.1025,0.8644536652835407,-0.1970954356846473,196.0,Rand
773,26,19,1634862474,4,0.05075,-0.815,0.6339326878745966,-0.4898570769940064,162.0,GCN
774,26,924,1634869898,1,0.113,-0.7825,0.05071461502996773,-0.8909635776855693,160.0,GCN
775,26,699,1634880707,5,0.88525,0.05175,0.5624711848778239,-0.4737206085753803,166.0,GCN
776,26,111,1634890715,3,-0.00925,0.87025,0.2835408022130014,0.7526509912402028,161.0,WD
777,26,571,1634901389,4,0.892,0.01025,0.9174734900875979,0.06800368833563854,166.0,WD
778,26,876,1634911361,4,0.74925,0.84025,0.776855693868142,0.8218072844628861,161.0,WD
779,26,507,1634916401,4,0.2375,0.725,0.5002305209774089,0.28238819732595666,172.0,GCN
780,27,174,1644142409,4,0.16125,0.1115,0.5532503457814661,-0.3765175964346089,148.0,WD
781,27,826,1644144665,4,0.32275,0.13075,0.7222990625480252,0.4533579222375904,280.0,Rand
782,27,576,1644150691,4,0.23825,-0.0845,0.6416167204548948,-0.09220839096357768,200.0,GCN
783,27,364,1644159709,2,0.19975,0.13075,-0.1037344398340249,0.15752266789611188,431.0,Rand
784,27,401,1644197900,4,0.246,-0.06925,0.3227293683725219,0.06915629322268327,173.0,GCN
785,27,928,1644207256,4,0.2535,0.13075,0.3688335638543108,0.14983863531581376,499.0,WD
786,27,491,1644214440,4,0.23825,0.09225,0.3842016290149071,0.2574150914399877,295.0,GCN
787,27,716,1644230412,4,0.3035,0.046,0.0,0.0,351.0,WD
788,27,132,1644239405,2,0.2575,0.1345,0.31120331950207475,-0.07299830951283234,353.0,Rand
789,27,629,1644243314,4,0.192,0.07675,0.3957276778853543,0.2343629936990933,188.0,WD
790,27,873,1644245281,3,0.22275,0.123,0.39956969417550336,-0.07299830951283234,450.0,Rand
791,27,517,1644248396,4,0.26125,0.15375,0.7107730136775781,0.4495159059474413,393.0,GCN
792,27,524,1644287870,3,0.21525,-0.0845,0.3842016290149071,0.13447057015521746,231.0,Rand
793,27,195,1644296278,4,0.34575,0.13075,0.4571999385277394,0.1690487167665591,220.0,WD
794,27,707,1644379698,2,0.23825,0.15375,-0.1191025049946212,0.4149377593360996,436.0,Rand
795,27,17,1644472046,4,0.34575,0.13825,0.8029814046411557,0.4456738896572922,254.0,GCN
796,27,946,1644477632,3,0.26125,0.13825,0.3534654986937145,0.17289073305670818,521.0,Rand
797,27,820,1644482328,2,0.3035,0.14975,-0.057630244352236064,0.3649915475641617,335.0,GCN
798,27,754,1644485557,3,0.26125,0.20375,0.272783156600584,0.2919932380513294,589.0,WD
799,27,898,1644487276,4,0.3035,0.18825,0.7299830951283234,0.3918856615952052,187.0,GCN
800,27,356,1644542542,2,0.2535,0.1345,-0.06531427693253421,0.17289073305670818,216.0,WD
801,27,793,1644548149,4,0.342,0.08075,0.5955125249731059,0.3765175964346089,529.0,Rand
802,27,731,1644551280,4,0.23425,0.13075,0.6262486552942985,0.3304134009528201,460.0,WD
803,27,468,1644555394,3,0.3035,0.13075,0.23052097740894426,0.3765175964346089,279.0,Rand
804,27,156,1644635209,4,0.38425,0.14975,0.8875057630244353,0.5724604272322116,231.0,GCN
805,27,507,1644647246,4,0.23425,0.16899999999999998,0.5878284923928078,-0.1306285538650684,173.0,GCN
806,27,111,1644663585,2,0.2305,0.15375,0.2919932380513294,0.16136468418626096,487.0,WD
807,27,571,1644666067,2,0.27675,0.14225,-0.08068234209313048,-0.1191025049946212,521.0,WD
808,27,717,1644672581,2,0.2805,0.16525,-0.1306285538650684,0.1959428307976026,390.0,GCN
809,27,924,1644675548,2,0.22275,0.173,-0.1690487167665591,-0.272783156600584,284.0,GCN
810,28,174,1645661649,4,-0.2228369448286461,0.2292403053122279,0.0,0.0,251.0,WD
811,28,928,1645667016,2,-0.23825,0.69025,-0.2100302238614825,0.6621074740023565,151.0,WD
812,28,793,1645762242,4,-0.228,-0.23425,0.2689411403104349,-0.22155627273192974,233.0,Rand
813,28,17,1645776543,5,0.03325,-0.1935,0.5353209364274372,-0.24204702627939145,243.0,Rand
814,28,491,1645839580,2,0.2665,-0.46225,0.012806720967163569,-0.2522924030531223,140.0,GCN
815,28,257,1645846141,4,0.26125,0.0295,0.4789713641719175,0.2625377798268532,173.0,WD
816,28,987,1645863132,2,0.2535,0.465,0.2843092054710312,0.487936068848932,103.0,GCN
817,28,451,1645874031,4,0.45325,-0.4495,0.2407663541826751,-0.17289073305670818,232.0,WD
818,28,720,1645880952,4,0.4970000000000001,-0.25475,0.5353209364274372,0.019210081450745355,208.0,Rand
819,28,672,1645926871,2,-0.233,-0.2395,0.2279596332155115,-0.2471697146662569,215.0,WD
820,28,826,1645939829,4,-0.26375,-0.22925,0.2715024845038677,-0.1908201424107372,128.0,Rand
821,28,126,1645949629,4,0.7965,0.21375,0.7325444393217562,0.4751293478817684,149.0,GCN
822,28,517,1645969884,2,-0.18175,-0.24975,-0.2100302238614825,-0.2318016495056606,316.0,GCN
823,28,984,1646012870,2,0.26375,-0.4725,0.012806720967163569,-0.4981814456226628,330.0,WD
824,28,875,1646019113,4,0.22025,-0.46225,0.2638184519235695,-0.487936068848932,289.0,GCN
825,28,754,1646101605,5,-0.2638184519235695,0.4981814456226628,0.2715024845038677,-0.2343629936990933,331.0,WD
826,28,676,1646105764,5,0.2715,-0.43425,0.4943394293325138,-0.2522924030531223,237.0,Rand
827,28,513,1646117402,2,0.0025,-0.4905,-0.015368065160596285,-0.470006659494903,193.0,GCN
828,28,740,1646133487,2,-0.26125,-0.27025,-0.21515291224834804,-0.23948568208595875,121.0,Rand
829,28,936,1646140406,4,0.2125,-0.25475,0.5173915270734082,-0.4930587572357974,281.0,GCN
830,28,356,1646185313,2,0.251,-0.24725,0.2484503867629733,-0.22155627273192974,261.0,WD
831,28,100,1646194102,4,0.72225,0.032,0.7197377183545925,0.04994621177193792,188.0,GCN
832,28,731,1646202256,4,-0.23575,0.2855,-0.2791865170841658,-0.0012806720967163568,247.0,WD
833,28,597,1646209714,2,-0.21775,-0.24725,-0.21259156805491525,-0.2138722401516316,195.0,Rand
834,28,332,1646221724,4,-0.0025,-0.47,0.19722350289431886,-0.236924337892526,243.0,WD
835,29,174,1645835360,3,0.53525,0.25625,0.4840940525587829,0.19978484708775168,208.0,WD
836,29,928,1645835859,2,0.49425,0.19975,-0.4892167409456483,-0.7146150299677272,168.0,WD
837,29,120,1645847151,5,0.484,0.205,0.4892167409456483,0.5250755596537063,159.0,Rand
838,29,863,1645858408,2,0.4815,0.24075,0.5404436248143026,0.058910916448952425,95.0,Rand
839,29,364,1645864763,3,0.52,0.25625,0.5301982480405717,0.4405512012704267,162.0,Rand
840,29,923,1645870220,3,0.47375,-0.753,0.5097074944931099,-0.18185543773372267,215.0,GCN
841,29,576,1645876226,4,0.6095,0.2485,0.5378822806208698,0.17417140515342452,178.0,GCN
842,29,401,1645879003,3,0.48925,0.09225,0.4789713641719175,0.2279596332155115,118.0,GCN
843,29,716,1645881031,3,0.57125,0.2665,0.545566313201168,0.12550586547820294,169.0,WD
844,29,629,1645885321,2,-0.2255,-0.80425,-0.23052097740894426,-0.4507965780441576,123.0,WD
845,29,195,1645892927,3,0.4970000000000001,0.25875,0.5250755596537063,-0.2919932380513294,424.0,WD
846,29,257,1645893136,2,0.52,0.17675,0.5097074944931099,-0.3380974335331182,119.0,WD
847,29,491,1645921248,3,0.4970000000000001,0.1895,0.5967931970698223,0.23052097740894426,150.0,GCN
848,29,3,1645927901,3,0.48675,0.34575,0.5686184109420624,0.25101173095640594,207.0,Rand
849,29,987,1645932810,2,0.46625,-0.24325,0.4764100199784848,-0.09220839096357768,143.0,GCN
850,29,451,1645945169,4,0.45075,0.246,0.4815327083653502,0.3765175964346089,167.0,WD
851,29,672,1645958134,3,0.5379999999999999,0.251,0.6300906715844475,0.2484503867629733,80.0,WD
852,29,984,1645962876,2,0.5865,0.233,0.4892167409456483,0.09733107935044312,111.0,WD
853,29,395,1645973051,3,0.379,0.251,0.5071461502996774,0.2740638286973004,312.0,Rand
854,29,826,1646023339,2,-0.23575,-0.8145,-0.4584806106244558,-0.4892167409456483,179.0,Rand
855,29,132,1646029188,4,-0.49175,-0.753,0.22027560063521331,-0.7658419138363814,153.0,Rand
856,29,356,1646101258,3,0.50725,0.16899999999999998,0.4764100199784848,0.04610419548178885,116.0,WD
857,29,720,1646106701,4,0.5045,0.24075,0.5558116899748989,0.21771425644178066,138.0,Rand
858,29,875,1646152217,4,-0.461,-0.46875,0.5045848061062446,-0.545566313201168,179.0,GCN
859,29,341,1646186498,2,0.4995,-0.09725,0.5020234619128119,-0.16136468418626096,233.0,GCN
860,29,731,1646192001,3,0.73775,-0.2305,0.5045848061062446,-0.18697812612058806,163.0,WD
861,29,156,1646272873,3,0.561,0.09225,0.5378822806208698,0.14087393063879924,238.0,GCN
862,29,100,1646285536,4,0.4765,-0.24325,0.5250755596537063,0.13318989805850112,104.0,GCN
863,30,923,1645931936,3,0.18925,-0.56325,0.5676672929028073,0.4257504696771055,161.0,GCN
864,30,174,1645938106,4,0.8155,0.2365,0.8650168272804682,0.4167398777262673,125.0,WD
865,30,576,1645950844,3,0.58125,0.63975,0.8515009393542109,0.3559183820581093,79.0,GCN
866,30,928,1645957674,2,0.561,0.615,0.5383828690625831,-0.4640454854681679,98.0,WD
867,30,524,1645964266,3,0.54525,-0.45725,0.7861741477106339,0.0901059195083821,102.0,Rand
868,30,716,1645968973,3,0.47975,-0.50225,0.4753087254067157,-0.3987186938245909,87.0,WD
869,30,720,1645972321,2,0.47525,-0.4415,0.17120124706592602,-0.5090984452223589,130.0,Rand
870,30,491,1645975616,4,0.49325,-0.48425,0.639752028509513,0.4054766377877195,145.0,GCN
871,30,120,1646014978,4,0.87625,0.2275,0.7996900356368912,0.3806975099229144,88.0,Rand
872,30,597,1646019870,2,0.4955,-0.43025,0.4843193173575538,0.3018548303530801,68.0,Rand
873,30,707,1646026425,3,0.8335,0.27475,0.6780470443005754,0.3897081018737526,180.0,Rand
874,30,468,1646028982,3,0.48875,-0.2725,0.5789305328413551,0.3559183820581093,125.0,Rand
875,30,401,1646032482,4,0.5475,-0.44825,0.6712891003374467,0.19372772694302154,86.0,GCN
876,30,987,1646036025,2,0.5835,-0.39875,0.5226143331486163,-0.19372772694302154,124.0,GCN
877,30,517,1646041568,3,0.64875,-0.2815,0.6780470443005754,-0.051810903717319716,290.0,GCN
878,30,629,1646054755,3,0.7975,0.223,0.7388685399687333,0.20724361486927886,331.0,WD
879,30,195,1646100777,4,0.73875,-0.473,0.6802996922882849,0.3221286622424661,286.0,WD
880,30,257,1646110224,3,0.7365,0.32225,0.6555205644234798,0.2049909668815693,388.0,WD
881,30,5,1646114160,4,0.74325,-0.232,0.7140894121039282,0.09235856749609166,242.0,Rand
882,30,395,1646125170,3,0.74575,0.22975,0.7591423718581193,0.21625420682011706,241.0,Rand
883,30,364,1646134206,2,0.73875,-0.32,0.7839214997229244,-0.16894859907821647,150.0,Rand
884,30,126,1646142544,3,0.52925,0.5135,0.5631619969273882,0.5901937727799028,135.0,GCN
885,30,875,1646148215,4,0.76825,0.18925,0.7433738359441524,0.18922243096760244,158.0,GCN
886,30,936,1646185494,3,0.7005,-0.2995,0.7208473560670569,0.2635598145620177,160.0,GCN
887,30,451,1646192210,5,0.77725,0.21625,0.6825523402759944,0.33339190218101383,225.0,WD
888,30,672,1646199316,5,0.509,-0.38525,0.6960682282022518,0.1531800631642496,301.0,WD
889,30,984,1646208899,1,0.57675,0.33575,0.7140894121039282,-0.13515887926257314,163.0,WD
890,30,676,1646215559,5,0.61725,-0.446,0.7839214997229244,0.211748910844698,182.0,Rand
891,30,826,1646226380,3,0.6779999999999999,-0.29275,-0.2004856709061502,0.4572875415050392,243.0,Rand
892,30,995,1646272776,4,0.59475,-0.28825,0.6284887885709652,-0.21625420682011706,346.0,Rand
893,30,513,1646279334,4,0.63525,-0.15325,0.7591423718581193,0.3041074783407896,449.0,GCN
894,30,100,1646285561,4,0.473,-0.41,0.5834358288167741,0.16894859907821647,299.0,GCN
895,30,820,1646296432,2,0.65775,0.22525,0.6577732124111894,0.15543271115195914,286.0,GCN
896,30,754,1646313139,4,0.4955,-0.4685,0.770405611796667,0.1847171349921833,205.0,WD
897,30,356,1646319850,3,0.7365,0.26575,0.729857948017895,0.19372772694302154,189.0,WD
