inter_id,user_id,item_id,timestamp,rating,preference,emo_pre_valence,emo_pre_arousal,emo_post_valence,emo_post_arousal,duration,rec_type
1,14,638,1649214811,3,53,0.28675,0.23125,0.2756892230576441,0.12531328320802007,342,Random
2,21,886,1649215774,4,73,-0.32299999999999995,-0.60975,0.4483430799220273,-0.5653021442495126,236,Situ-MT_c
3,26,206,1649216899,4,84,0.5965,-0.47,0.8997493734335841,0.07644110275689224,251,Situ-MT
4,26,910,1649219164,4,60,0.50125,-0.43975,0.568922305764411,-0.5551378446115288,201,Random
5,21,136,1649219657,2,32,0.63225,-0.5125,0.328599275967697,-0.5569479253689781,195,Random
6,11,205,1649221478,1,9,0.5429999999999999,-0.2255,0.4650515176830966,-0.11138958507379562,257,Random
7,26,739,1649224458,4,66,0.14275,-0.81575,0.3408521303258145,-0.5751879699248121,220,Situ-MT
8,14,375,1649225853,4,81,-0.22275,0.60975,0.00278473962684489,0.3118908382066277,212,Situ-MT
9,21,480,1649225972,3,50,0.5429999999999999,-0.52625,0.732386521860206,-0.5179615705931496,238,Situ-MT_c
10,11,835,1649228064,3,47,0.18375,0.3565,0.1865775549986076,-0.06404901141743248,296,Situ-MT_c
11,26,706,1649229612,4,76,0.6115,0.545,0.2481203007518797,0.5100250626566416,140,Random
12,26,862,1649231906,2,45,0.574,-0.4775,0.11779448621553885,-0.7406015037593986,224,Situ-MT
13,21,375,1649235841,3,59,0.83275,0.22825,0.7630186577554998,-0.2172096908939014,234,Situ-MT
14,14,908,1649237244,5,100,0.607,0.3035,0.8911166805903648,0.3258145363408521,189,Random
15,26,70,1649237344,2,39,0.6015,-0.4675,0.005012531328320803,-0.30952380952380953,209,Situ-MT_c
16,21,649,1649242058,4,75,-0.0725,-0.6265,0.052910052910052914,-0.4956836535783904,267,Situ-MT_c
17,11,375,1649244763,3,46,0.18375,-0.38425,0.3675856307435255,-0.18657755499860765,146,Situ-MT
18,21,114,1649246723,2,35,0.866,-0.50675,0.8187134502923976,-0.2979671400724032,231,Random
19,26,390,1649248184,4,60,0.391,0.22925,0.8972431077694235,0.08646616541353384,388,Random
20,26,996,1649250443,5,96,0.86725,0.0715,0.5789473684210527,-0.2393483709273183,227,Situ-MT
21,11,977,1649251477,4,65,0.802,-0.23675,0.8159287106655527,-0.2478418267891952,370,Situ-MT_c
22,26,361,1649252732,4,60,0.6165,0.56775,0.18546365914786966,-0.4223057644110276,280,Situ-MT_c
23,14,43,1649253138,4,76,0.01125,-0.518,0.2756892230576441,-0.2478418267891952,762,Situ-MT
24,21,43,1649253178,3,59,0.59875,-0.55975,0.8047897521581732,-0.5012531328320802,248,Situ-MT
25,26,52,1649254962,5,92,0.89225,0.124,0.493734335839599,-0.5225563909774437,222,Random
26,21,603,1649255339,4,74,0.20600000000000002,-0.78525,0.5847953216374269,-0.8131439710387078,242,Situ-MT_c
27,14,192,1649256056,3,42,0.245,-0.45399999999999996,0.2812587023113339,0.02227791701475912,411,Random
28,11,243,1649257102,2,21,0.841,0.3565,0.7490949596212754,0.12252854358117515,189,Random
29,21,739,1649258929,3,47,-0.4735,-0.5515,-0.1921470342522974,-0.5569479253689781,150,Situ-MT
30,14,23,1649259697,4,59,0.02225,-0.37875,0.2450570871623503,-0.18379281537176276,251,Situ-MT_c
31,26,276,1649260134,4,78,0.589,-0.56775,0.5162907268170426,-0.4949874686716792,254,Situ-MT
32,14,258,1649290880,2,36,-0.2145,-0.46225,-0.303536619326093,-0.11974380395433025,459,Random
33,26,216,1649291620,4,69,0.797,0.01625,0.6691729323308271,-0.2669172932330827,219,Situ-MT_c
34,26,807,1649294835,2,38,0.6415,-0.55775,0.2832080200501253,-0.3771929824561404,223,Random
35,21,297,1649301875,4,69,-0.259,-0.62925,0.5096073517126148,-0.5987190197716513,194,Random
36,26,168,1649303475,2,26,0.5965,-0.4925,0.04260651629072682,-0.4598997493734336,225,Situ-MT
37,26,414,1649306056,5,99,0.5815,-0.53,0.19548872180451127,-0.4348370927318296,321,Situ-MT_c
38,14,739,1649308552,3,55,0.7879999999999999,0.26175,0.6794764689501531,0.12252854358117515,205,Situ-MT
39,21,862,1649309395,3,55,-0.19225,-0.7295,-0.34530771372876634,-0.7490949596212754,153,Situ-MT
40,26,680,1649311234,2,32,0.85975,0.0565,0.16541353383458646,-0.8659147869674185,222,Situ-MT
41,11,43,1649313097,2,37,0.62375,0.1365,0.7769423558897243,-0.052910052910052914,240,Situ-MT
42,21,916,1649313269,4,67,0.33975,-0.63775,0.5123920913394597,-0.5959342801448064,257,Situ-MT_c
43,14,480,1649316660,4,68,0.013999999999999999,-0.2645,0.2199944305207463,0.04455583402951824,226,Situ-MT_c
44,26,639,1649317541,3,51,0.89725,0.1015,0.531328320802005,-0.026315789473684213,212,Random
45,11,57,1649320301,3,52,0.44,-0.529,0.5430242272347535,-0.3091060985797829,268,Situ-MT_c
46,26,925,1649322527,2,30,0.7545,0.0615,0.3533834586466165,-0.2418546365914787,384,Situ-MT_c
47,21,46,1649326564,4,68,-0.10025,0.58475,0.09746588693957113,-0.10025062656641603,211,Random
48,11,862,1649326798,2,30,0.426,-0.4985,0.4817599554441659,-0.7685881370091896,174,Situ-MT
49,26,74,1649327092,2,33,0.5665,0.61025,0.10776942355889724,0.10401002506265664,225,Random
50,21,333,1649330712,2,34,0.80475,0.15875,0.8159287106655527,0.2005012531328321,163,Situ-MT
51,11,504,1649331325,2,22,0.53475,-0.21175,0.5680868838763575,-0.3007518796992481,295,Random
52,14,743,1649331804,2,33,0.284,0.5429999999999999,0.2756892230576441,0.6488443330548593,177,Random
53,26,411,1649335278,3,52,0.92975,0.109,0.5939849624060151,-0.4849624060150376,761,Situ-MT
54,14,719,1649336204,4,69,-0.11699999999999999,0.607,0.047340573656363134,0.3675856307435255,210,Situ-MT_c
55,26,266,1649338963,4,71,0.604,0.6805,0.7218045112781954,-0.06390977443609024,203,Random
56,21,440,1649339712,2,31,0.31475,0.1365,0.5653021442495126,0.4093567251461988,164,Random
57,26,609,1649341291,4,67,0.619,-0.515,0.5889724310776943,0.5175438596491229,203,Situ-MT_c
58,14,862,1649341467,2,35,-0.635,0.91625,-0.5959342801448064,0.9217488164856584,271,Situ-MT
59,21,962,1649341675,3,57,0.36200000000000004,0.33425,0.4901141743247006,0.6209969367864104,208,Situ-MT_c
60,11,822,1649342846,2,11,0.88275,0.32025,0.6850459482038429,-0.3118908382066277,227,Situ-MT
61,26,726,1649343649,4,81,0.51875,-0.02375,0.5964912280701754,0.06641604010025065,223,Random
62,21,99,1649345550,2,22,0.53475,0.20325,0.14202172096908938,0.24227234753550544,257,Random
63,26,839,1649345881,4,69,0.6415,-0.00125,0.2406015037593985,-0.4072681704260652,200,Situ-MT
64,11,397,1649347199,3,57,0.841,-0.5765,0.8270676691729323,-0.4399888610414926,103,Situ-MT_c
65,14,649,1649376320,5,90,0.2925,0.3175,0.5207463102199944,0.3230297967140075,206,Situ-MT_c
66,26,723,1649378500,2,35,0.4135,-0.59525,0.4185463659147869,-0.11904761904761905,255,Situ-MT_c
67,11,911,1649382599,1,8,0.66825,0.1865,0.6599832915622389,-0.3815093288777499,228,Random
68,26,652,1649384748,4,63,0.604,-0.5175,0.2431077694235589,-0.2318295739348371,525,Random
69,26,883,1649387924,4,80,0.65175,-0.4825,0.5238095238095238,0.5902255639097744,251,Situ-MT_c
70,11,680,1649389046,5,97,0.557,0.415,0.7017543859649122,-0.3731551099972155,132,Situ-MT
71,21,996,1649390075,4,87,-0.23125,0.58475,-0.23391812865497075,0.2506265664160401,143,Situ-MT
72,26,591,1649391088,4,78,0.564,-0.5175,0.2581453634085213,-0.4924812030075188,298,Situ-MT
73,19,835,1649391141,4,66,0.32575,0.10025,0.4511278195488722,0.19214703425229746,317,Situ-MT_c
74,14,506,1649391800,1,0,0.4735,0.053,0.2506265664160401,0.303536619326093,423,Random
75,11,439,1649393270,4,73,0.57375,0.259,0.4873294346978557,0.31746031746031744,253,Situ-MT_c
76,26,372,1649397448,2,34,0.436,-0.2845,0.5939849624060151,-0.2744360902255639,280,Situ-MT_c
77,19,87,1649398779,4,61,0.37325,0.28675,0.5346700083542189,0.4873294346978559,247,Random
78,11,411,1649399828,5,90,0.557,-0.518,0.50682261208577,-0.403787245892509,724,Situ-MT
79,14,680,1649400855,5,82,-0.08625,-0.32025,0.4372041214146477,-0.32024505708716233,362,Situ-MT
80,21,70,1649404005,4,68,0.4735,0.5095,0.7296017822333611,0.3369534948482317,214,Situ-MT_c
81,26,268,1649405039,4,79,0.69675,-0.01375,0.5338345864661654,-0.5025062656641607,199,Random
82,14,603,1649409379,4,73,-0.20325,-0.03075,-0.0278473962684489,0.15594541910331386,221,Situ-MT_c
83,21,361,1649412607,4,63,0.568,-0.4705,0.2645502645502645,-0.5569479253689782,202,Situ-MT_c
84,14,333,1649413810,5,91,0.0335,0.30625,0.1615148983570036,0.2756892230576441,278,Situ-MT
85,11,480,1649416909,4,73,0.66275,-0.26725,0.7156780840991367,-0.12531328320802007,206,Situ-MT_c
86,19,375,1649417642,5,97,0.518,0.4205,0.6683375104427736,0.5820105820105822,252,Situ-MT
87,21,276,1649417895,4,81,0.4705,-0.2925,0.8075744917850181,-0.4984683932052353,126,Situ-MT
88,19,791,1649420024,3,34,0.54025,0.2785,0.5402394876079086,0.2394876079086605,243,Random
89,19,977,1649421702,2,23,0.504,0.3425,0.4901141743247006,0.2199944305207463,236,Situ-MT_c
90,26,812,1649423207,3,53,0.50625,-0.54,0.3458646616541353,-0.4799498746867168,206,Situ-MT_c
91,11,996,1649424587,3,25,0.70175,-0.401,0.5012531328320802,-0.3480924533556113,228,Situ-MT
92,19,342,1649424814,3,46,0.5429999999999999,0.22825,0.5123920913394597,0.1921470342522974,370,Random
93,26,469,1649425334,2,31,0.4435,-0.48,0.43609022556390975,-0.5726817042606517,241,Situ-MT
94,14,814,1649427062,4,60,0.02775,-0.39275,0.2812587023113339,0.1448064605959343,295,Random
95,21,158,1649427376,3,53,0.273,-0.6545,0.08911166805903648,-0.6599832915622389,207,Situ-MT_c
96,19,43,1649428406,4,70,0.5235,0.15875,0.5346700083542189,0.2589807852965749,333,Situ-MT
97,26,786,1649429358,3,52,0.50625,-0.56275,0.481203007518797,-0.5125313283208021,208,Random
98,19,397,1649430241,3,52,0.50675,0.12525,0.5235310498468393,0.3230297967140074,203,Situ-MT_c
99,14,168,1649430717,5,89,-0.27575,0.52625,-0.07797270955165693,0.5068226120857722,329,Situ-MT
100,26,555,1649431564,3,41,0.604,-0.55275,0.5213032581453634,-0.6378446115288221,223,Situ-MT
101,11,206,1649431799,4,66,0.816,0.4065,0.6961849067112225,0.3620161514898357,314,Situ-MT_c
102,21,275,1649432269,2,18,-0.27,-0.59875,-0.2478418267891952,-0.4984683932052353,243,Random
103,19,148,1649433140,1,25,0.35100000000000003,0.01125,0.17543859649122806,0.1921470342522974,215,Random
104,26,499,1649433597,1,4,0.589,-0.58525,0.5614035087719298,-0.5927318295739349,146,Situ-MT_c
105,26,182,1649466913,4,74,0.11525,-0.62775,0.2606516290726817,-0.6203007518796995,238,Random
106,11,276,1649467780,2,24,0.70725,0.23125,0.7658033973823447,0.3313840155945419,165,Situ-MT
107,21,680,1649468733,4,69,0.52625,-0.46775,0.5847953216374269,-0.7602339181286549,240,Situ-MT
108,26,795,1649469989,4,67,0.28075,-0.53,0.5463659147869674,-0.5200501253132834,879,Situ-MT
109,19,57,1649471564,3,51,0.1615,0.11425,0.3063213589529379,0.3007518796992481,325,Situ-MT_c
110,26,373,1649472961,4,70,0.5589999999999999,-0.485,0.5488721804511278,-0.5175438596491229,309,Random
111,9,375,1649473549,3,55,-0.26725,-0.532,-0.4399888610414926,-0.1615148983570036,306,Situ-MT
112,21,216,1649473656,3,53,0.5875,-0.36475,0.7908660540239487,-0.478975215817321,241,Situ-MT_c
113,11,23,1649475745,2,25,0.98575,0.77425,0.935672514619883,0.7240323029796714,118,Situ-MT_c
114,21,372,1649477187,2,30,0.86325,-0.26175,0.3675856307435255,-0.2896129211918685,198,Situ-MT
115,26,233,1649478265,4,61,0.5665,-0.535,0.531328320802005,-0.4398496240601504,215,Situ-MT_c
116,19,862,1649479724,3,48,0.2535,0.11425,0.2450570871623503,0.15873015873015875,172,Situ-MT
117,14,916,1649480294,4,59,-0.28675,-0.0975,-0.01113895850737956,-0.15594541910331386,199,Situ-MT_c
118,9,562,1649480345,4,71,0.4455,-0.4845,0.6655527708159287,-0.1448064605959343,210,Random
119,26,504,1649482347,3,49,0.5565,-0.59775,0.4786967418546366,-0.5902255639097744,203,Random
120,19,439,1649483438,3,39,0.45125,-0.22,0.3369534948482317,-0.0807574491785018,175,Situ-MT_c
121,26,269,1649484773,3,52,0.5589999999999999,-0.5425,0.4761904761904762,-0.5250626566416041,235,Situ-MT
122,9,835,1649486653,5,88,0.50675,-0.4595,0.6739069896964633,-0.8214981899192447,245,Situ-MT_c
123,26,709,1649487201,2,29,0.52125,-0.56775,0.456140350877193,-0.5325814536340854,224,Situ-MT_c
124,21,58,1649487425,4,68,-0.195,0.16975,0.0278473962684489,0.4372041214146477,236,Random
125,19,344,1649487764,3,63,0.33425,-0.37025,0.3675856307435255,-0.15873015873015875,263,Random
126,26,418,1649489728,4,73,0.49375,0.40475,0.5238095238095238,0.5601503759398496,317,Random
127,9,731,1649491493,3,44,0.28675,0.3815,0.019493177387914232,-0.453912559175717,262,Random
128,26,170,1649492206,2,32,0.5565,-0.703,0.5338345864661654,-0.6278195488721806,286,Situ-MT_c
129,21,411,1649495508,5,59,-0.20875,-0.63225,0.3842940685045948,-0.5764411027568924,182,Situ-MT
130,26,440,1649496958,4,61,0.5589999999999999,-0.04375,0.5488721804511278,-0.35213032581453635,279,Situ-MT
131,9,397,1649498446,3,43,0.79925,0.2005,-0.14480646059593427,0.3146755778334725,226,Situ-MT
132,19,739,1649499017,4,74,0.42325,0.3425,0.5430242272347535,0.3341687552213868,514,Situ-MT
133,26,239,1649499362,4,68,0.6065,-0.55275,0.4962406015037594,-0.4223057644110276,204,Situ-MT_c
134,14,245,1649499899,4,56,0.57075,0.529,0.5430242272347535,0.20328599275967696,179,Random
135,11,168,1649502199,4,66,0.83825,-0.52075,0.7296017822333611,-0.6015037593984964,305,Situ-MT
136,26,67,1649502252,4,70,0.579,-0.52,0.5388471177944862,-0.4849624060150376,201,Random
137,9,977,1649505310,2,31,-0.22825,-0.69625,-0.3508771929824561,-0.31746031746031744,323,Situ-MT_c
138,26,14,1649508674,4,86,0.5765,-0.48,0.631578947368421,-0.4398496240601504,236,Situ-MT
139,14,532,1649508713,3,43,-0.128,0.5429999999999999,0.16986911723753828,0.4928989139515456,206,Random
140,11,361,1649509269,2,15,0.54575,-0.35925,0.5040378724589251,-0.4093567251461988,284,Situ-MT
141,21,761,1649509655,4,66,0.74625,-0.30075,0.5792258423837371,-0.4901141743247007,139,Random
142,26,97,1649514194,5,100,0.5615,-0.44975,0.5664160401002506,-0.5025062656641606,200,Situ-MT_c
143,21,591,1649515850,5,88,0.013999999999999999,-0.7685,0.21442495126705646,-0.6766917293233085,147,Situ-MT
144,11,434,1649516004,1,6,0.63775,0.15875,0.657198551935394,0.21999443052074635,140,Situ-MT_c
145,26,818,1649516431,2,30,0.50125,-0.56775,0.5588972431077694,-0.4949874686716792,284,Situ-MT
146,19,23,1649517093,3,49,-0.2535,0.19225,-0.2478418267891952,0.1169590643274854,209,Situ-MT_c
147,26,26,1649518855,2,33,0.6165,-0.6629999999999999,0.6115288220551378,-0.387218045112782,234,Random
148,11,591,1649519599,2,18,0.78525,-0.4205,0.6544138123085491,-0.4678362573099416,167,Situ-MT
149,14,70,1649519912,4,66,0.44825,-0.36475,0.3926482873851295,-0.05012531328320802,303,Situ-MT_c
150,9,57,1649519998,2,30,0.752,0.2925,-0.05847953216374269,0.17822333611807295,220,Situ-MT_c
151,26,673,1649551345,3,53,0.5915,-0.56525,0.568922305764411,-0.5200501253132834,346,Situ-MT
152,14,604,1649554182,2,26,0.3955,0.07525,0.12531328320802004,0.4344193817878028,155,Random
153,11,372,1649554457,1,6,0.6459999999999999,-0.41225,0.4845446950710108,-0.3982177666388194,271,Situ-MT_c
154,9,43,1649555187,5,80,-0.23125,0.55975,0.07797270955165693,0.00835421888053467,230,Situ-MT
155,21,300,1649556222,3,47,0.39825,-0.99975,0.3675856307435255,-0.40100250626566414,154,Random
156,11,440,1649556535,3,47,0.71575,-0.245,0.5123920913394597,-0.15037593984962405,238,Situ-MT
157,26,388,1649556630,4,69,0.5715,-0.48,0.5889724310776943,-0.4824561403508772,341,Situ-MT_c
158,26,24,1649559339,4,82,0.5589999999999999,-0.42475,0.5614035087719298,-0.5150375939849624,253,Random
159,14,996,1649560981,4,82,0.2395,-0.22275,-0.2701197438039543,-0.23670286828181564,165,Situ-MT
160,26,934,1649561652,3,59,0.52375,-0.63025,0.4862155388471178,-0.5601503759398496,306,Situ-MT
161,9,439,1649563916,4,75,0.518,0.4705,0.8159287106655527,0.5541631857421331,307,Situ-MT_c
162,26,621,1649564676,4,69,0.441,-0.6805,0.506265664160401,-0.5025062656641607,425,Random
163,19,361,1649566296,3,46,-0.2535,-0.078,-0.4065719855193539,0.04177109440267336,209,Situ-MT
164,21,609,1649566568,2,36,-0.21725,-0.635,-0.0278473962684489,-0.6070732386521861,345,Situ-MT_c
165,26,955,1649567491,4,57,0.54375,-0.59025,0.5413533834586466,-0.4849624060150376,422,Situ-MT_c
166,9,85,1649567878,1,8,0.66,-0.18375,-0.22834864940128094,-0.5736563631300473,228,Random
167,26,578,1649569745,3,52,0.6115,-0.57275,0.5714285714285714,-0.4899749373433584,207,Random
168,11,719,1649571091,2,23,0.57925,-0.23675,0.4845446950710108,-0.3258145363408521,211,Situ-MT_c
169,19,223,1649571729,3,56,-0.46225,-0.23125,-0.3508771929824561,-0.12531328320802007,303,Random
170,21,170,1649571795,3,57,0.5095,-0.529,0.4566972988025619,-0.7713728766360346,310,Random
171,14,414,1649572922,3,54,-0.01125,-0.273,0.0,0.0135,202,Situ-MT_c
172,9,168,1649574548,3,43,0.22,-0.465,0.02506265664160401,-0.6432748538011696,310,Situ-MT
173,26,282,1649574725,4,62,0.49375,-0.61525,0.5388471177944862,-0.5676691729323309,235,Situ-MT_c
174,11,333,1649575549,3,48,0.3035,-0.3035,0.4177109440267335,-0.11974380395433025,174,Situ-MT
175,21,469,1649578791,4,80,-0.309,-0.6459999999999999,-0.5012531328320802,-0.7184628237259816,329,Situ-MT
176,26,790,1649579294,4,70,0.65925,-0.5125,0.5664160401002506,-0.4899749373433584,263,Situ-MT_c
177,19,996,1649579855,3,58,-0.20600000000000002,-0.30075,-0.2951824004455583,-0.3035366193260932,303,Situ-MT
178,26,727,1649581580,4,72,0.53375,-0.52,0.6240601503759399,-0.5175438596491229,199,Situ-MT
179,21,925,1649582241,2,33,-0.22825,-0.607,-0.0556947925368978,-0.7184628237259816,122,Situ-MT_c
180,26,360,1649583794,4,76,0.53625,-0.55275,0.4887218045112782,-0.5200501253132834,212,Situ-MT_c
181,9,23,1649584361,3,45,0.4595,-0.33975,0.2840434419381788,-0.5430242272347536,293,Situ-MT_c
182,21,565,1649586005,3,45,0.55425,-0.5625,0.7797270955165692,-0.6126427179058759,264,Random
183,26,384,1649586415,2,17,0.6165,-0.64775,0.6090225563909775,-0.5426065162907269,605,Random
184,19,886,1649588068,5,88,-0.07525,-0.2255,0.08911166805903648,0.052910052910052914,208,Situ-MT_c
185,11,603,1649588455,4,68,0.10300000000000001,0.44,0.3564466722361459,-0.2673350041771094,121,Situ-MT_c
186,21,723,1649588605,3,43,0.77125,0.078,0.8883319409635199,-0.29239766081871343,145,Situ-MT_c
187,26,848,1649588667,2,45,0.52125,-0.545,0.5463659147869674,-0.5150375939849624,209,Situ-MT
188,9,822,1649589339,4,76,-0.23399999999999999,-0.8909999999999999,0.2979671400724032,-0.4232804232804234,359,Situ-MT
189,26,117,1649591436,4,67,0.569,-0.5125,0.5639097744360902,-0.5075187969924814,358,Situ-MT_c
190,26,6,1649593651,4,70,0.564,-0.505,0.3809523809523809,-0.4624060150375942,208,Situ-MT
191,26,920,1649596712,2,29,0.46375,-0.535,0.44360902255639095,-0.4047619047619048,296,Random
192,9,759,1649597821,4,66,0.8745,0.128,0.8465608465608465,0.21999443052074635,169,Random
193,14,900,1649598565,2,38,0.131,-0.3315,0.01392369813422445,-0.04177109440267336,173,Random
194,21,757,1649598642,4,83,0.76575,-0.013999999999999999,0.7964355332776385,-0.478975215817321,207,Situ-MT
195,9,739,1649600186,4,79,0.387,0.55975,0.4399888610414926,0.2840434419381789,184,Situ-MT
196,19,465,1649600564,3,59,0.245,0.4595,0.29239766081871343,0.4455583402951824,208,Random
197,14,372,1649600999,2,17,0.11699999999999999,-0.245,-0.18100807574491784,0.03341687552213868,272,Situ-MT_c
198,11,158,1649601071,2,23,0.7825,0.309,0.5987190197716513,-0.18936229462545304,274,Situ-MT
199,14,276,1649603005,4,79,0.35925,-0.195,0.04455583402951824,0.4427736006683395,182,Situ-MT
200,9,886,1649603632,4,74,0.0695,0.8465,0.5513784461152882,0.10860484544695073,383,Situ-MT_c
201,21,883,1649604417,3,68,0.7240000000000001,-0.078,0.6766917293233082,0.3703703703703704,234,Situ-MT_c
202,19,276,1649604483,4,71,0.1115,0.557,0.3091060985797828,0.3787245892509068,183,Situ-MT
203,19,752,1649605823,2,24,0.312,0.16699999999999998,0.07797270955165693,0.31746031746031744,188,Random
204,9,905,1649606528,3,56,0.44,-0.44825,0.4845446950710108,0.17822333611807295,186,Random
205,14,962,1649635785,3,49,0.28675,-0.0445,0.08911166805903648,0.3230297967140074,290,Situ-MT_c
206,26,490,1649637597,4,67,0.54875,-0.5175,0.4586466165413534,-0.2694235588972431,272,Situ-MT
207,21,780,1649638714,3,60,-0.13925,-0.529,0.15873015873015872,-0.6683375104427736,246,Random
208,11,170,1649640566,4,68,0.52625,-0.3315,0.5291005291005291,-0.5068226120857717,241,Situ-MT_c
209,9,333,1649640642,5,88,-0.28125,0.18925,0.1392369813422445,-0.4204956836535784,279,Situ-MT
210,26,541,1649642395,4,65,0.0,0.0,0.3734335839598997,0.5877192982456141,378,Random
211,26,523,1649645208,4,84,0.5615,0.58525,0.2706766917293233,0.5451127819548874,710,Situ-MT
212,21,839,1649647077,2,32,-0.2005,0.23675,-0.328599275967697,-0.2450570871623503,207,Situ-MT
213,11,269,1649647714,3,48,0.15875,0.32575,0.2896129211918685,-0.4455583402951824,560,Situ-MT
214,26,598,1649648084,4,70,0.4235,0.41975,0.5463659147869674,-0.5827067669172934,786,Random
215,26,667,1649650323,4,86,0.32575,0.37725,0.3558897243107769,0.2593984962406017,216,Situ-MT_c
216,21,812,1649651257,2,18,-0.12525,-0.44,-0.2951824004455583,-0.5597326649958229,202,Situ-MT_c
217,9,329,1649652230,4,66,-0.37325,-0.6265,0.2450570871623503,-0.5235310498468394,288,Random
218,26,741,1649652654,4,69,0.446,0.02875,0.3884711779448621,0.03132832080200501,312,Random
219,11,839,1649653769,2,32,0.28675,-0.57925,0.4177109440267335,-0.5569479253689781,120,Situ-MT
220,9,480,1649653894,4,75,0.0335,-0.62375,0.15037593984962405,-0.4344193817878028,352,Situ-MT_c
221,26,223,1649656850,4,82,0.65925,-0.5175,0.2807017543859649,0.10651629072681704,254,Situ-MT
222,19,480,1649659261,2,39,0.4705,0.36200000000000004,0.3592314118629908,0.30910609857978283,159,Situ-MT_c
223,11,916,1649659665,4,70,-0.092,0.30075,0.07797270955165693,-0.4678362573099417,574,Situ-MT_c
224,21,204,1649661056,4,75,0.20875,-0.54025,0.4706209969367864,-0.4956836535783904,254,Situ-MT
225,9,104,1649662094,3,47,0.635,0.0195,0.4288499025341129,0.28682818156502365,217,Random
226,26,518,1649663257,4,77,0.5765,0.02875,0.5639097744360902,0.011278195488721804,296,Situ-MT_c
227,26,878,1649665746,4,75,0.51375,0.02875,0.5614035087719298,0.30701754385964913,483,Random
228,26,796,1649668241,4,68,0.5915,-0.51,0.5739348370927319,0.4749373433583962,338,Situ-MT_c
229,21,504,1649670393,1,9,-0.1865,0.25625,-0.07240323029796714,0.4901141743247007,182,Random
230,9,862,1649670422,5,80,0.529,-0.3565,0.6404901141743247,-0.2756892230576441,208,Situ-MT
231,26,149,1649671531,4,84,0.50625,-0.505,0.5263157894736842,-0.4974937343358396,217,Situ-MT
232,19,908,1649672299,4,58,0.20325,0.12525,0.3508771929824561,0.2339181286549709,273,Random
233,19,680,1649674948,5,80,0.29525,-0.08625,0.2506265664160401,0.09746588693957116,367,Situ-MT
234,14,312,1649675587,3,53,-0.48175,-0.298,-0.23113338902812586,-0.13923698134224466,308,Random
235,26,951,1649678945,2,22,0.5715,-0.55525,0.5839598997493735,-0.5451127819548873,342,Random
236,14,411,1649679319,4,71,0.2645,0.03625,0.3982177666388193,-0.16429963798384867,241,Situ-MT
237,21,555,1649681385,4,65,0.78525,0.08900000000000001,0.8939014202172096,0.3258145363408521,238,Situ-MT
238,11,723,1649681400,1,6,0.10300000000000001,-0.7435,0.1364522417153996,-0.6906154274575327,283,Situ-MT_c
239,9,206,1649681750,3,33,-0.1755,0.3285,-0.04177109440267335,0.5625174046226679,251,Situ-MT_c
240,14,158,1649682301,3,47,0.5515,0.1365,0.3620161514898357,0.016708437761069343,309,Situ-MT_c
241,14,591,1649684401,4,65,-0.03075,-0.3675,0.4288499025341129,-0.3508771929824561,162,Situ-MT
242,11,757,1649685478,5,70,0.71,-0.19225,0.6377053745474798,-0.3341687552213868,165,Situ-MT
243,21,37,1649686755,3,49,0.85775,0.10575,0.8020050125313283,-0.34530771372876634,198,Situ-MT_c
244,14,142,1649687578,2,38,0.06125,-0.2895,0.052910052910052914,0.1615148983570036,222,Random
245,9,915,1649687673,4,46,0.45675,-0.4985,0.4594820384294068,-0.7852965747702589,211,Random
246,19,422,1649689222,4,54,0.273,-0.3815,0.29239766081871343,-0.13923698134224466,164,Random
247,21,956,1649690576,3,55,0.82425,-0.2005,0.8298524087997772,0.2450570871623503,161,Random
248,19,206,1649691166,3,50,0.21175,-0.49575,0.2561960456697299,-0.07518796992481204,269,Situ-MT_c
249,14,619,1649691616,5,98,0.35375,-0.3315,0.5263157894736842,-0.33138401559454195,380,Situ-MT
250,19,411,1649692556,4,79,0.1615,-0.50125,0.2589807852965748,-0.2506265664160401,208,Situ-MT
251,21,168,1649721663,4,81,-0.16425,0.19225,-0.15037593984962405,0.3508771929824561,260,Situ-MT
252,21,409,1649724576,3,41,-0.3175,0.23125,-0.23391812865497075,0.019493177387914232,196,Random
253,11,414,1649728055,4,79,0.19775,-0.20600000000000002,0.2840434419381788,-0.4344193817878029,742,Situ-MT_c
254,21,499,1649733671,3,54,-0.245,0.61825,-0.09746588693957113,0.2729044834307992,193,Situ-MT_c
255,11,883,1649736728,5,86,0.20600000000000002,-0.36200000000000004,0.5207463102199944,-0.1169590643274854,576,Situ-MT_c
256,19,649,1649737013,4,61,-0.57075,-0.23125,-0.6460595934280144,-0.3731551099972154,245,Situ-MT_c
257,14,925,1649738068,3,68,0.34525,-0.32299999999999995,0.5931495405179615,0.3063213589529379,253,Situ-MT_c
258,21,442,1649740060,2,32,-0.376,-0.59025,0.02227791701475912,-0.5625174046226679,179,Random
259,14,361,1649740624,3,52,0.4205,-0.3285,0.3926482873851295,0.4734057365636314,214,Random
260,11,555,1649741231,4,65,0.59325,-0.24775,0.5012531328320802,-0.36480089111668057,584,Situ-MT
261,11,70,1649745637,4,70,0.11975,0.42875,0.20050125313283207,-0.14202172096908938,370,Situ-MT_c
262,14,440,1649747034,3,52,-0.35100000000000003,-0.245,-0.06126427179058758,0.23113338902812586,221,Situ-MT
263,21,795,1649747507,5,86,-0.0725,0.5765,-0.23113338902812586,0.33138401559454195,336,Situ-MT
264,9,719,1649749583,2,35,0.35925,0.27,0.13088276246170982,-0.4566972988025619,440,Situ-MT_c
265,14,796,1649750563,3,43,0.0585,-0.479,0.09468114731272624,0.2673350041771094,539,Random
266,11,208,1649752951,3,52,0.11425,-0.26175,0.17822333611807295,-0.5875800612642719,512,Situ-MT
267,9,996,1649753877,2,21,0.2255,-0.49,-0.3870788081314397,0.2227791701475912,282,Situ-MT
268,21,233,1649754370,3,62,0.2395,0.57925,0.5430242272347535,0.4566972988025619,298,Situ-MT_c
269,9,649,1649761641,4,69,0.50675,-0.39825,0.4761904761904762,-0.2896129211918685,271,Situ-MT_c
270,11,925,1649762215,4,69,0.66825,-0.30075,0.6766917293233082,-0.487329434697856,724,Situ-MT_c
271,19,222,1649766101,2,38,-0.86325,-0.48725,-0.6766917293233082,-0.23670286828181564,271,Random
272,9,429,1649766231,3,41,0.74075,-0.50675,0.3091060985797828,-0.39821776663881936,286,Random
273,11,619,1649772025,2,21,0.72675,0.298,0.6544138123085491,0.3341687552213868,209,Situ-MT
274,19,591,1649772471,3,45,-0.387,-0.3285,-0.3118908382066277,-0.24227234753550544,158,Situ-MT
275,9,680,1649772781,4,68,0.18925,0.195,0.4956836535783904,-0.5402394876079086,251,Situ-MT
276,9,603,1649775957,4,61,0.3035,0.504,0.5485937064884433,-0.2534113060428865,312,Situ-MT_c
277,19,916,1649814177,4,76,0.156,0.28125,0.5263157894736842,0.23113338902812586,202,Situ-MT_c
278,9,276,1649815133,3,44,-0.21725,0.45125,0.42606516290726815,-0.14759120022277916,183,Situ-MT
279,19,158,1649821583,4,69,0.259,-0.27575,0.4093567251461988,-0.3815093288777499,290,Situ-MT
280,9,390,1649829115,3,35,-0.025,-0.7825,0.18379281537176276,-0.6349206349206349,277,Random
281,19,759,1649838207,3,53,0.1505,-0.4345,0.3592314118629908,-0.2645502645502645,228,Random
282,9,411,1649846253,5,93,-0.24225,0.65175,-0.01392369813422445,0.1698691172375383,339,Situ-MT
283,19,469,1649853012,3,50,0.23675,-0.42875,0.3118908382066277,-0.3007518796992481,274,Situ-MT
284,19,603,1649856362,4,62,0.33425,-0.16425,0.3313840155945419,-0.09189640768588136,328,Situ-MT_c
285,9,916,1649858380,5,90,-0.23125,0.674,0.4511278195488722,-0.5402394876079086,532,Situ-MT_c
286,19,283,1649861877,4,63,0.5625,0.21175,0.4761904761904762,0.3007518796992481,402,Random
287,19,822,1649865209,5,81,0.1755,-0.337,0.24227234753550544,-0.13923698134224471,229,Situ-MT
288,19,62,1649895269,3,44,0.2535,-0.1475,0.28682818156502365,-0.05012531328320802,242,Random
289,19,434,1649900333,3,50,0.2895,0.22275,0.29239766081871343,0.2255639097744361,251,Situ-MT_c
290,9,465,1649901049,2,25,-0.245,0.3815,-0.4455583402951824,0.32024505708716233,228,Random
291,19,697,1649903984,2,43,0.2925,0.2255,0.34530771372876634,0.3007518796992481,224,Random
292,19,619,1649911167,4,62,0.36200000000000004,0.13925,0.3091060985797828,0.18657755499860765,338,Situ-MT
293,19,962,1649919589,4,61,0.33425,-0.18375,0.2394876079086605,0.19214703425229746,310,Situ-MT_c
294,19,699,1649922627,2,28,0.3565,0.16699999999999998,0.3313840155945419,0.18100807574491787,189,Random
295,19,70,1649925486,3,56,0.33425,0.11699999999999999,0.3341687552213868,0.13088276246170985,215,Situ-MT_c
296,19,168,1649927073,5,61,0.3035,0.1225,0.34530771372876634,0.18100807574491787,274,Situ-MT
297,9,440,1649933638,3,44,0.5875,-0.45675,0.0556947925368978,-0.5346700083542189,514,Situ-MT
298,9,363,1649946866,2,21,-0.156,0.4345,-0.4901141743247006,0.18379281537176276,301,Random
299,9,434,1649950666,3,42,0.504,-0.49,0.24227234753550544,-0.13366750208855474,280,Situ-MT_c
300,9,349,1649996684,4,71,0.504,-0.46225,0.9022556390977444,-0.6460595934280147,247,Random
301,9,591,1650002471,4,70,0.0335,-0.6990000000000001,0.3091060985797828,-0.5485937064884434,249,Situ-MT
302,9,70,1650011048,4,70,-0.02225,0.20325,0.3675856307435255,0.013923698134224468,360,Situ-MT_c
303,9,635,1650017798,4,63,0.504,-0.54025,0.5458089668615984,0.09746588693957116,145,Random
304,9,962,1650028445,4,62,0.59325,-0.493,0.5847953216374269,-0.14202172096908938,232,Situ-MT_c
305,9,600,1650038388,4,73,0.63775,0.21725,0.8298524087997772,0.4093567251461988,205,Situ-MT
306,13,375,1650299327,5,87,0.20875,0.13225,0.5346700083542189,0.006961849067112247,237,Situ-MT
307,13,835,1650302940,3,63,0.38975,0.00975,0.5235310498468393,-0.0988582567529936,545,Situ-MT_c
308,13,172,1650307426,2,18,0.34525,-0.13775,0.04177109440267335,0.2715121136173768,141,Random
309,30,375,1650327768,3,49,0.66375,0.29625,0.7592270578726947,-0.15919277019911346,266,Situ-MT
310,18,868,1650333282,3,56,0.54575,0.27575,0.6098579782790309,0.06126427179058759,299,Random
311,15,76,1650333299,3,62,0.83025,0.282,0.9998955722639932,0.2088554720133669,200,Random
312,30,264,1650336260,4,75,0.63675,0.289,0.6710587543778012,0.4579853542651417,208,Random
313,13,43,1650336978,4,73,0.0195,0.1295,0.09189640768588136,0.1016429963798385,313,Situ-MT
314,18,520,1650338179,2,21,0.36200000000000004,0.11425,0.21442495126705646,-0.4093567251461988,711,Random
315,18,375,1650340945,3,44,0.4345,-0.19775,0.2812587023113339,-0.5207463102199944,257,Situ-MT
316,15,375,1650341986,5,97,-0.30275,-0.2975,0.4542606516290726,-0.4151002506265665,358,Situ-MT
317,30,43,1650346642,4,75,0.51675,-0.46299999999999997,0.5657466140922338,0.1298033357008156,298,Situ-MT
318,13,736,1650349213,3,59,-0.10575,0.35775,0.00556947925368978,0.3717627401837928,189,Random
319,18,508,1650350330,4,67,-0.0055,0.77125,0.0556947925368978,0.6154274575327207,352,Random
320,15,835,1650351469,3,55,0.93975,0.564,0.8145363408521303,0.2662907268170426,1262,Situ-MT_c
321,30,835,1650351795,4,70,0.63675,0.142,0.837598883201489,0.18123484607283685,274,Situ-MT_c
322,18,835,1650359603,3,56,-0.13925,-0.21175,0.278473962684489,0.23670286828181564,397,Situ-MT_c
323,18,28,1650363389,1,4,0.35100000000000003,-0.2255,0.2394876079086605,0.3703703703703704,264,Random
324,30,303,1650364057,3,55,0.49725,-0.44325,0.6710587543778012,-0.3722661703117729,207,Random
325,13,977,1650365832,3,40,-0.16699999999999998,0.27699999999999997,0.047340573656363134,0.2353104984683932,262,Situ-MT_c
326,15,514,1650367634,3,52,1.0,0.50125,0.3681077694235589,-0.9998955722639934,439,Random
327,18,397,1650369432,4,77,0.17275,0.79925,0.06126427179058758,0.612642717905876,250,Situ-MT
328,15,977,1650371932,2,16,0.9555,0.45675,0.4203216374269005,0.20363408521303256,297,Situ-MT_c
329,13,937,1650372540,4,62,-0.1365,0.30775,0.23391812865497075,0.1573377889167363,373,Random
330,30,739,1650374195,2,30,0.61975,0.49225,0.6000342876735814,-0.20572604148808507,165,Situ-MT
331,18,977,1650375408,4,65,0.7295,0.6459999999999999,0.5903648008911166,0.3369534948482317,225,Situ-MT_c
332,13,739,1650377801,4,61,0.19775,0.43025,0.3870788081314397,0.17683096630465064,284,Situ-MT
333,30,22,1650380031,4,80,0.53625,0.4605,0.7935147314540423,0.26205579094315595,174,Random
334,18,897,1650380421,1,0,0.0335,-0.43175,-0.3118908382066277,0.3118908382066277,220,Random
335,13,397,1650380699,2,32,0.01125,0.16,-0.07518796992481203,0.3383458646616541,229,Situ-MT_c
336,18,57,1650383926,3,40,-0.06125,-0.4595,-0.1336675020885547,-0.3954330270119744,283,Situ-MT_c
337,15,43,1650384115,2,17,0.90325,-0.60825,0.1905806182121972,-0.16969507101086048,242,Situ-MT
338,13,789,1650384324,3,62,0.529,-0.1435,0.453912559175717,0.03202450570871623,245,Random
339,13,57,1650391652,3,42,0.50125,-0.188,0.2812587023113339,0.020885547201336684,202,Situ-MT_c
340,18,43,1650413849,4,75,0.6905,0.1365,0.6794764689501531,-0.1642996379838487,128,Situ-MT
341,30,977,1650417894,4,72,0.85975,0.1225,0.7077955475006735,0.26205579094315595,285,Situ-MT_c
342,18,439,1650419303,4,77,0.05575,0.493,0.26176552492341965,-0.453912559175717,317,Situ-MT_c
343,15,57,1650419531,3,37,1.0,-0.496,0.22451963241436929,-0.2349624060150376,599,Situ-MT_c
344,13,862,1650422655,3,68,-0.142,0.18525,0.09189640768588136,-0.0932887774993038,172,Situ-MT
345,18,744,1650424712,4,69,0.039,0.16699999999999998,0.047340573656363134,0.2255639097744361,234,Random
346,15,752,1650425564,2,18,0.59525,-0.188,0.4803675856307435,-0.0992063492063492,198,Random
347,13,439,1650428705,3,45,-0.131,0.3495,-0.09468114731272624,0.3717627401837928,214,Situ-MT_c
348,18,862,1650430364,2,30,0.3315,0.04725,-0.038986354775828465,0.21442495126705652,177,Situ-MT
349,15,739,1650432674,2,20,0.31325,-0.2715,0.18013784461152882,-0.5978487886382623,226,Situ-MT
350,15,397,1650436125,4,57,-0.32899999999999996,-0.15675,0.1984126984126984,-0.1383667502088555,343,Situ-MT_c
351,13,320,1650436806,2,27,-0.14475,0.02375,-0.07797270955165693,0.14341409078251185,148,Random
352,15,862,1650440452,5,91,0.46475,-0.41,0.6239557226399332,-0.10703842940685046,192,Situ-MT
353,30,397,1650440644,3,51,0.703,-0.2595,0.7224902647498225,0.21307340011265966,214,Situ-MT_c
354,18,333,1650441760,5,87,-0.6015,-0.6155,-0.05012531328320802,-0.4734057365636314,299,Situ-MT
355,13,276,1650441789,3,52,-0.00825,0.48025,0.2896129211918685,0.3160679476468963,243,Situ-MT
356,15,972,1650446953,2,32,0.79875,-0.43075,0.4307644110275689,0.14619883040935674,261,Random
357,30,239,1650449251,4,72,0.17625,0.20575,0.6147290049227303,0.17388748744826238,239,Random
358,13,23,1650456783,4,68,0.5485,0.33825,0.5291005291005291,0.2353104984683932,275,Situ-MT_c
359,30,57,1650457797,2,34,0.82525,0.235,0.7273885038328721,0.11755773799319146,177,Situ-MT_c
360,18,739,1650458352,2,17,-0.674,-0.752,-0.34252297410192145,-0.17543859649122806,206,Situ-MT
361,15,680,1650460900,5,95,0.8825,0.32625,0.5430242272347535,-0.23235171261487075,571,Situ-MT
362,18,886,1650463336,4,81,0.713,0.8745,0.5485937064884433,0.2255639097744361,256,Situ-MT_c
363,13,996,1650466455,3,52,0.21175,0.3495,0.5736563631300473,0.24366471734892786,188,Situ-MT
364,18,169,1650469283,3,44,0.37325,-0.56525,0.378724589250905,-0.3564466722361459,243,Random
365,13,47,1650470199,2,20,0.44825,0.2215,0.1392369813422445,0.4023948760790866,122,Random
366,13,158,1650476202,4,85,-0.00825,0.305,0.3369534948482317,0.07936507936507936,199,Situ-MT
367,15,439,1650477267,4,74,0.8825,0.308,0.6161236424394319,-0.24018379281537194,397,Situ-MT_c
368,13,886,1650480555,4,75,0.69625,0.33,0.4984683932052353,0.3884711779448621,193,Situ-MT_c
369,30,439,1650500430,4,71,0.29625,-0.71025,0.6245254830888296,-0.2547084323185817,244,Situ-MT_c
370,18,996,1650504485,2,23,0.0335,0.61275,0.07518796992481203,0.5931495405179615,155,Situ-MT
371,30,202,1650506143,3,57,0.73975,0.147,0.6000342876735814,0.19348044378046092,240,Random
372,13,659,1650508128,2,32,0.06675,0.48875,0.40100250626566414,0.21860206070732385,166,Random
373,18,273,1650509115,2,24,0.20325,-0.49575,0.21164021164021166,-0.3118908382066277,252,Random
374,30,680,1650512198,5,98,0.49475,-0.36,0.7298376233743971,-0.3159364208567021,301,Situ-MT
375,18,23,1650514231,4,72,0.6015,-0.142,0.4873294346978557,-0.4288499025341129,281,Situ-MT_c
376,15,912,1650518946,2,14,0.37075,-0.47525,0.1488095238095238,0.20102339181286555,213,Random
377,30,23,1650520147,4,76,0.51675,0.3405,0.6441184394210281,0.3869608875609219,274,Situ-MT_c
378,18,58,1650520467,4,71,0.38425,-0.54025,0.50682261208577,-0.11138958507379562,248,Random
379,13,619,1650521827,3,59,-0.0975,0.41625,0.3091060985797828,0.16847674742411586,340,Situ-MT
380,30,996,1650525454,3,44,0.39675,-0.46525,0.4555362347236169,-0.29634346452450344,195,Situ-MT
381,18,680,1650525901,5,80,0.16425,0.1865,0.4734057365636313,0.16708437761069342,221,Situ-MT
382,13,8,1650527098,3,42,0.4455,0.16575,0.3842940685045948,-0.0932887774993038,217,Random
383,18,480,1650529117,4,71,0.674,0.56525,0.5736563631300473,0.5736563631300473,232,Situ-MT_c
384,15,158,1650529464,2,19,0.261,0.32899999999999996,0.25323725981620715,-0.4960317460317461,447,Situ-MT
385,13,480,1650531489,4,74,0.00825,0.3245,0.6209969367864104,0.3494848231690337,209,Situ-MT_c
386,30,795,1650534189,3,45,-0.16175,-0.68325,0.3281820185643261,-0.2473610736940071,261,Random
387,18,974,1650535138,4,75,0.9135,0.195,0.8688387635756056,0.32302979671400744,128,Random
388,15,6,1650535368,2,17,-0.09925,0.838,-0.052213868003341685,0.37332915622389307,845,Random
389,13,816,1650536082,3,60,0.621,-0.1295,0.6265664160401002,-0.19353940406571987,191,Random
390,18,206,1650539672,4,60,0.635,0.25625,0.4455583402951824,0.26176552492341965,259,Situ-MT_c
391,15,886,1650541163,4,74,0.69175,-0.34725,-0.2741228070175438,-0.9998955722639934,337,Situ-MT_c
392,15,558,1650543790,4,75,0.24275,-0.7885,0.869360902255639,-0.2506265664160401,293,Random
393,15,168,1650547642,4,88,0.9685,-0.66575,0.926796157059315,-0.07571010860484548,265,Situ-MT
394,18,276,1650547873,2,31,0.5235,0.22,0.3898635477582846,0.1615148983570036,196,Situ-MT
395,13,680,1650547942,4,85,-0.24775,0.54175,0.1921470342522974,0.2770815928710666,209,Situ-MT
396,30,333,1650548721,5,100,0.22525,0.703,0.6735078739193261,0.4555362347236169,195,Situ-MT
397,13,719,1650553820,3,63,0.64325,0.07925,0.5764411027568922,0.00696184906711224,376,Situ-MT_c
398,18,719,1650554254,1,7,0.479,0.43725,0.4288499025341129,0.3480924533556114,457,Situ-MT_c
399,15,23,1650558096,4,75,-0.1435,0.66825,0.16186299081035924,0.14619883040935674,301,Situ-MT_c
400,13,941,1650559711,3,59,0.32025,-0.213,0.50682261208577,-0.08771929824561404,165,Random
401,13,206,1650569008,3,55,0.529,-0.21575,0.4845446950710108,0.026455026455026454,240,Situ-MT_c
402,30,81,1650586406,2,16,-0.049,-0.83525,-0.08816830349489359,-0.5877886899659573,185,Random
403,18,9,1650589895,3,55,0.156,-0.35375,0.1392369813422445,0.11974380395433025,303,Random
404,30,361,1650589899,3,59,0.47025,-0.5045,0.5143151037202126,-0.19103132423893607,214,Situ-MT
405,15,207,1650590642,3,49,-0.1435,0.71,0.0052213868003341685,0.2976190476190476,227,Random
406,18,411,1650592739,3,52,0.23399999999999999,-0.1865,0.1949317738791423,0.16986911723753828,164,Situ-MT
407,30,822,1650597766,3,56,0.85475,0.115,0.6000342876735814,0.110210379368617,248,Random
408,15,480,1650603072,3,44,-0.1045,0.7285,-0.05482456140350877,0.5064745196324144,407,Situ-MT_c
409,18,649,1650604641,3,59,-0.259,-0.49,-0.3842940685045948,-0.10303536619326094,294,Situ-MT_c
410,13,333,1650605460,4,71,0.08625,0.47200000000000003,0.4566972988025619,0.3467000835421888,270,Situ-MT
411,15,996,1650606073,1,4,-0.10175,0.765,-0.3681077694235589,0.7388262322472848,240,Situ-MT
412,30,886,1650606467,3,67,0.59525,-0.34299999999999997,0.6955499497930494,0.2081751610296099,166,Situ-MT_c
413,18,440,1650609829,5,87,-0.401,0.84925,-0.06683375104427736,0.6154274575327207,271,Situ-MT
414,30,428,1650612074,3,55,0.63175,0.13475,0.7151429061252479,0.16654012882368788,145,Random
415,18,510,1650613943,3,39,-0.025,0.8715,0.0278473962684489,0.8437761069340016,224,Random
416,15,206,1650615225,3,52,-0.04175,0.9425,0.08615288220551379,0.7832080200501254,299,Situ-MT_c
417,30,168,1650620181,5,97,0.73725,0.27175,0.8424971222845387,0.31103818177365244,227,Situ-MT
418,13,649,1650621701,3,60,-0.142,0.2715,0.23670286828181564,0.012531328320802006,270,Situ-MT_c
419,18,591,1650623650,2,25,-0.03075,0.32299999999999995,-0.03620161514898357,0.5291005291005291,156,Situ-MT
420,18,603,1650626395,4,68,0.1615,0.415,0.21164021164021166,-0.1615148983570036,318,Situ-MT_c
421,13,914,1650630354,4,75,0.64325,-0.27425,0.5903648008911166,-0.09607351712614873,231,Random
422,18,743,1650632005,1,0,-0.33425,0.21175,-0.26176552492341965,0.2756892230576441,209,Random
423,18,916,1650639217,5,81,0.284,0.44,0.06126427179058758,0.20885547201336696,263,Situ-MT
424,13,411,1650639692,3,60,0.298,-0.02375,0.3230297967140072,0.0737956001113896,229,Situ-MT
425,13,603,1650641923,3,55,-0.02225,0.33,0.2645502645502645,0.12949039264828738,300,Situ-MT_c
426,15,594,1650643193,3,41,0.79875,0.564,0.8223684210526315,0.32633667502088554,600,Random
427,15,276,1650647978,2,35,0.932,0.56125,0.5978487886382623,0.2271303258145363,387,Situ-MT
428,13,591,1650649754,3,58,0.5485,-0.21025,0.4706209969367864,-0.0737956001113896,160,Situ-MT
429,13,279,1650657530,4,79,0.142,-0.1155,0.6042884990253411,0.16847674742411586,271,Random
430,13,469,1650661338,3,58,0.013999999999999999,-0.17675,0.17822333611807295,-0.19353940406571987,171,Situ-MT
431,30,480,1650672696,4,86,0.289,-0.355,0.5681957336337586,0.20082780240503545,160,Situ-MT_c
432,30,520,1650677575,4,86,0.15425,-0.649,0.6098307658396807,-0.2351154759863829,292,Random
433,18,175,1650680464,3,55,0.16425,-0.35375,0.20328599275967696,-0.23113338902812586,408,Random
434,30,719,1650685603,3,64,0.8695,0.5315,0.8033112096201416,0.399206485268546,320,Situ-MT_c
435,18,434,1650687510,3,60,0.42875,0.259,0.4344193817878028,0.36480089111668057,487,Situ-MT_c
436,30,269,1650688250,5,91,0.73225,0.32575,0.8057603291616664,0.18123484607283685,167,Situ-MT
437,13,916,1650691027,4,71,-0.08625,0.3885,0.4065719855193539,0.0988582567529936,301,Situ-MT_c
438,30,206,1650695928,3,61,0.7225,0.35275,0.7543288187896451,0.15184541157453896,219,Situ-MT_c
439,30,409,1650698898,3,44,0.66125,-0.3575,0.6269746026303544,-0.14204893340843966,195,Random
440,18,768,1650703094,3,52,0.816,0.195,0.810359231411863,0.21442495126705652,336,Random
441,30,276,1650705803,4,73,0.90125,0.267,0.6882025911684749,0.2228698782787588,479,Situ-MT
442,18,600,1650707553,2,20,0.81325,0.142,0.7212475633528265,0.32859927596769706,365,Situ-MT
443,15,411,1650707690,3,50,0.0,0.0,0.8719715956558062,-0.12531328320802007,415,Situ-MT
444,18,70,1650710409,2,35,0.6545,0.25625,0.7268170426065163,0.2199944305207463,229,Situ-MT_c
445,13,947,1650710431,3,55,-0.21175,0.54725,-0.00278473962684489,0.30492898913951544,378,Random
446,18,325,1650714260,2,22,0.674,0.17275,0.5151768309663046,0.10303536619326092,328,Random
447,30,649,1650714403,4,73,0.605,0.27175,0.7592270578726947,0.1885822046974113,328,Situ-MT_c
448,15,741,1650717996,4,72,0.7545,0.37325,0.7701545530492898,0.2976190476190476,629,Random
449,18,414,1650719555,5,95,0.77975,0.28125,0.885547201336675,0.12531328320802007,302,Situ-MT_c
450,13,757,1650723704,4,81,-0.28675,0.3635,0.06683375104427736,0.3439153439153439,296,Situ-MT
451,15,916,1650725571,5,91,1.0,0.24275,0.775375939849624,0.29239766081871343,838,Situ-MT
452,13,20,1650727577,2,28,-0.30075,0.6585,-0.07797270955165693,0.4469507101086048,113,Random
453,18,822,1650727589,2,10,0.41225,0.37325,0.4288499025341129,-0.32024505708716233,537,Situ-MT_c
454,30,619,1650728486,3,44,0.59025,-0.51925,0.5241115818863119,-0.4212485611422693,227,Situ-MT
455,13,434,1650731364,3,53,-0.23399999999999999,0.4415,-0.01670843776106934,0.2937900306321359,414,Situ-MT_c
456,15,649,1650733605,4,70,0.8825,-0.2585,0.6605054302422723,-0.3889933166248956,247,Situ-MT_c
457,13,209,1650738280,2,25,-0.1865,-0.05425,-0.21164021164021166,0.35505430242272346,204,Random
458,30,602,1650759158,5,95,0.47025,-0.47525,0.7200411452082977,0.1444980529499645,354,Random
459,30,411,1650764165,4,61,0.49225,-0.5095,0.6245254830888296,-0.18613308515588647,166,Situ-MT
460,13,839,1650773985,3,63,-0.33425,0.14625,-0.07240323029796714,0.1573377889167363,199,Situ-MT
461,18,429,1650776063,3,56,0.337,-0.1505,0.2589807852965748,-0.2729044834307992,193,Random
462,30,603,1650777234,3,59,0.6735,0.245,0.7445323406235458,0.29634346452450344,250,Situ-MT_c
463,18,204,1650780912,4,59,0.2785,0.2005,0.253411306042885,0.33973823447507656,312,Situ-MT
464,13,962,1650783102,3,54,0.0055,0.33,0.047340573656363134,0.2102478418267892,368,Situ-MT_c
465,15,839,1650784973,5,83,0.90325,-0.26625,0.684001670843776,-0.16186299081035946,734,Situ-MT
466,30,957,1650786904,3,60,0.125,0.61225,0.3306311381058509,-0.2375645955279077,311,Random
467,13,954,1650788743,3,60,0.3175,0.14075,0.06683375104427736,0.10442773600668337,546,Random
468,15,90,1650789445,3,50,0.66825,-0.41,0.4829782790309106,-0.2506265664160401,406,Random
469,30,916,1650791110,4,77,0.5805,-0.49225,0.6784061130023756,-0.23021723690333346,159,Situ-MT
470,30,613,1650794762,3,43,0.42125,-0.53875,0.7298376233743971,-0.21552251965418434,156,Random
471,18,839,1650794859,3,28,0.039,0.76025,-0.09746588693957113,0.7713728766360346,90,Situ-MT
472,18,471,1650795164,3,54,0.01125,0.752,-0.038986354775828465,0.7045391255917571,298,Random
473,13,70,1650797422,3,51,0.298,-0.01525,0.13088276246170982,0.2102478418267892,260,Situ-MT_c
474,15,603,1650798471,3,54,-0.59775,-0.402,0.342000835421888,-0.3158939014202172,747,Situ-MT_c
475,13,208,1650801256,3,46,0.2645,0.085,0.4093567251461988,0.07379560011138958,316,Situ-MT
476,18,757,1650804953,5,87,0.607,-0.41775,0.4845446950710108,-0.478975215817321,218,Situ-MT
477,13,361,1650807598,3,57,0.3285,0.29925,0.3675856307435255,0.023670286828181564,390,Situ-MT_c
478,30,70,1650807616,4,80,0.387,-0.54125,0.6147290049227303,0.2816487472753547,238,Situ-MT_c
479,15,712,1650809056,3,48,0.6629999999999999,-0.6629999999999999,0.3863826232247285,-0.24018379281537186,187,Random
480,15,591,1650812429,3,48,0.27925,-0.05225,-0.16186299081035924,0.18535923141186295,391,Situ-MT
481,13,550,1650813859,3,41,0.39275,-0.29375,0.328599275967697,-0.043163464216095786,343,Random
482,18,469,1650815159,2,36,0.05025,0.2395,0.3063213589529379,-0.4065719855193539,242,Situ-MT
483,30,677,1650815537,3,53,0.4825,-0.42125,0.7494305797065954,-0.32083465993975163,178,Random
484,15,434,1650815888,3,34,0.59775,-0.603,0.40204678362573104,-0.2088554720133668,900,Situ-MT_c
485,15,945,1650824712,4,71,0.28725,-0.78575,0.36027568922305764,-0.4960317460317462,248,Random
486,30,158,1650846195,4,73,0.4115,-0.365,0.6367710807964537,-0.24981019323553186,230,Situ-MT
487,18,544,1650852064,3,52,0.16975,-0.27,0.2729044834307992,-0.21442495126705652,173,Random
488,30,434,1650852132,3,53,0.59025,0.3185,0.7861673728294678,0.2914452254414538,259,Situ-MT_c
489,18,158,1650855704,4,61,0.01675,0.4345,0.0278473962684489,0.18100807574491787,315,Situ-MT_c
490,30,109,1650858501,3,50,0.73975,0.29625,0.6514657980456026,0.18368396561436165,277,Random
491,18,108,1650858864,3,37,0.14475,-0.245,0.1615148983570036,-0.21164021164021166,262,Random
492,15,70,1650861322,4,76,0.282,-0.79875,0.775375939849624,-0.4438178780284043,224,Situ-MT_c
493,30,962,1650861563,3,61,0.56575,-0.42625,0.7371849819989713,-0.12245597707624108,207,Situ-MT_c
494,15,269,1650863959,3,53,0.52475,-0.54575,0.31067251461988304,-0.2662907268170426,587,Situ-MT
495,18,361,1650864667,3,56,0.0335,0.16699999999999998,0.05012531328320802,-0.18657755499860765,263,Situ-MT
496,13,555,1650869192,3,63,0.16699999999999998,-0.40525,0.5541631857421331,-0.16847674742411586,306,Situ-MT
497,18,372,1650869986,1,0,-0.013999999999999999,0.9329999999999999,-0.2645502645502645,0.8521303258145363,245,Situ-MT_c
498,15,414,1650870564,5,83,0.54575,-0.32375,0.9320175438596492,-0.1383667502088555,540,Situ-MT_c
499,30,591,1650871565,5,96,0.51925,-0.48975,0.7469814601650706,-0.19103132423893607,296,Situ-MT
500,13,822,1650872194,4,71,0.23399999999999999,-0.2075,-0.2478418267891952,-0.08493455861876914,279,Situ-MT_c
501,30,414,1650875670,5,93,0.5805,-0.16175,0.7053464279591487,0.3355293771889006,240,Situ-MT_c
502,13,934,1650875883,2,28,0.5875,-0.174,0.29239766081871343,0.2770815928710665,286,Situ-MT
503,13,309,1650877344,2,42,-0.16975,0.49975,-0.11417432470064047,0.30492898913951544,228,Random
504,15,965,1650877819,2,19,-0.17225,-0.3785,-0.17230576441102755,0.2871762740183793,227,Random
505,13,975,1650880581,4,70,0.607,-0.3245,0.6544138123085491,-0.14062935115566694,273,Situ-MT
506,13,216,1650886399,3,59,0.5125,-0.21025,0.4288499025341129,-0.03759398496240601,325,Situ-MT_c
507,13,726,1650888694,4,71,0.532,0.174,0.5402394876079086,-0.048732943469785586,235,Random
508,15,469,1650896144,3,57,0.765,-0.47775,0.3654970760233918,-0.2636800334168756,328,Situ-MT
509,15,822,1650902250,2,23,0.62925,-0.32625,0.37332915622389307,-0.2715121136173768,745,Situ-MT_c
